databaseId	name	imageUrl	cardBack	type	packName	deckbuilderQuantity	setUuid	numberInPack	faction	cardsubtype	cost	destiny	supportcost	energy	power	tactics	defense	text	lore
54e807f5-373c-4b2b-8ab3-a642da4d165e	Advanced Research	https://warstcg.org//img/1/WARS-EN01001.jpg	normal	ASSET	Incursion	4	d49b7fa3-163b-4e9c-9e32-69f47d4363d4	1U1	Earther	ASSET (Character Infiltrator)	1	5	2 Earther					This character is power +2 and tactics +2.	The results of the work done by XeLabs scientists are quickly translated into practical tools for Earther assets.
6a8deda3-f571-47b4-8a85-d6890d32c3e4	Anticipation	https://warstcg.org//img/1/WARS-EN01002.jpg	normal	INTERRUPT	Incursion	4	d49b7fa3-163b-4e9c-9e32-69f47d4363d4	1C2	Earther	INTERRUPT (Used)	0	4	2 Earther					Make target kizen defense +3 until end of turn for each of your locations that has “Earth” in its title.	"Kizen power is characterized by enhanced awareness. At times, this manifests itself in subtle premonitions."
c9b5b405-d606-4a24-b745-1e3629e50dcc	Armor Penetrating	https://warstcg.org//img/1/WARS-EN01003.jpg	normal	INTERRUPT	Incursion	4	d49b7fa3-163b-4e9c-9e32-69f47d4363d4	1U3	Earther	INTERRUPT (Lost)	0	2	2 Earther					"The next time an ability of one of your weapons damages a unit this turn, damage up to two target units at that weapon’s location."	"FedGrav manufactured weaponry far exceeds expectations, having the potential to pierce multiple targets at once."
3402ee12-9b11-4c13-86c0-3621cfa5441d	Assault Guru	https://warstcg.org//img/1/WARS-EN01004.jpg	normal	CHARACTER	Incursion	4	d49b7fa3-163b-4e9c-9e32-69f47d4363d4	1C4	Earther	CHARACTER • CISyn • Tech • Unit	2	4	1 Earther		1	1	3	"As long as this character is at a site where you have a higher total tactics than your opponent, you cause attrition +2 here."	Sana Camrik is an assault guru for CISyn. She received her promotion for her valor during the Battle of Phobos.
83f1c500-d896-4731-ac56-d0574dd65617	?Atlantis	https://warstcg.org//img/1/WARS-EN01005.jpg	normal	SHIP	Incursion	4	d49b7fa3-163b-4e9c-9e32-69f47d4363d4	1R5	Earther	SHIP (Capacity 3) • iCom • Capital	6	4	3 Earther		6	2	10	Your total power is +2 in each battle at a related site.	Horatio Hicks’ battleship is as legendary as the continent for which it was named.
a2c3d9f2-2a28-4a41-b6e8-291c4fc25ae4	Blockade	https://warstcg.org//img/1/WARS-EN01006.jpg	normal	ASSET	Incursion	4	d49b7fa3-163b-4e9c-9e32-69f47d4363d4	1U6	Earther	ASSET (Site)	3	2	3 Earther					You may play this asset beneath one of your opponent’s sites. Each unit your opponent plays here costs 1 more energy to play for each ship you have at each related sector.	“In a couple weeks they’ll be eating rats.” – Horatio Hicks
ef859f36-1013-48dd-9ec0-d6e63596fcf2	CGC Grunt	https://warstcg.org//img/1/WARS-EN01007.jpg	normal	CHARACTER	Incursion	4	d49b7fa3-163b-4e9c-9e32-69f47d4363d4	1C7	Earther	CHARACTER • CGC • Warrior • Unit	1	4	1 Earther		1	1	1	"As long as at least one of your units here has higher tactics than any of your opponent's units here, this character is power +2 and defense +2."	Dedication to one’s cause – and the willingness to die for it – make heroes of the average soldiers like Anina Armendi.
99c55678-106b-4d68-9224-f88d6447ec9b	?Chan Whitmer	https://warstcg.org//img/1/WARS-EN01008.jpg	normal	CHARACTER	Incursion	4	d49b7fa3-163b-4e9c-9e32-69f47d4363d4	1R8	Earther	CHARACTER • CISyn • Infiltrator • Unit	1	4	2 Earther		1	3	3	• Lose 1 energy ? Choose target vehicle in a site battle here. Damage target if its defense < [D]	"A former FedGrav technician, Whitmer is the ideal candidate to head CISyn’s sabotage operations."
e6bb49df-7782-42f9-aae8-3b12d97ca208	CISyn Retaliation	https://warstcg.org//img/1/WARS-EN01009.jpg	normal	INTERRUPT	Incursion	4	d49b7fa3-163b-4e9c-9e32-69f47d4363d4	1R9	Earther	INTERRUPT (Lost)	2	3	2 Earther					"When you play this interrupt, if you have a kizen at a battleground location, you may pay 1 energy. If you do, this interrupt is used instead of lost. Cancel target pending drain."	CISyn controllers ensure the proper tool is selected for each task.
9e763c5f-d1bf-4fba-bfa5-c218e5169a60	Close Support Pilot	https://warstcg.org//img/1/WARS-EN01010.jpg	normal	CHARACTER	Incursion	4	d49b7fa3-163b-4e9c-9e32-69f47d4363d4	1C10	Earther	CHARACTER • iCom • Unit	2	3	2 Earther		1	2	3	"Piloting 1 (As long as this character is aboard a ship, that ship is power +1 and tactics +1.) Each time a ship moves from here, if this character is aboard a fighter, you may move that fighter to the same location."	"Hank Cates, much like most of his fellow Earther pilots, will go into battle anywhere with the feeling his cause is righteous and just."
cb28d351-1d48-468d-adcb-62a712b0bd0e	Collaborative Strike	https://warstcg.org//img/1/WARS-EN01011.jpg	normal	INTERRUPT	Incursion	4	d49b7fa3-163b-4e9c-9e32-69f47d4363d4	1C11	Earther	INTERRUPT (Used)	0	5	1 Earther					"Until end of turn, make target unit that has a weapon beneath it you have in a site battle power +4 and defense +4."	“On my count – engage and fire!”
83d77d2f-ed94-4847-b4c2-6e4c8f3bde63	Commerce Authority Fighter	https://warstcg.org//img/1/WARS-EN01012.jpg	normal	SHIP	Incursion	4	d49b7fa3-163b-4e9c-9e32-69f47d4363d4	1U12	Earther	SHIP (Capacity 1) • iCom • Fighter	3	4	1 Earther		2	1	5	Each interrupt your opponent plays during a battle here costs 1 more energy to play.	The Commerce Authority division of iCom ensures that Earther merchant ships are well- protected – and taxed accordingly.
2e59a921-a4d1-447f-85df-c4db8b325a2d	Consigned Trooper	https://warstcg.org//img/1/WARS-EN01013.jpg	normal	CHARACTER	Incursion	4	d49b7fa3-163b-4e9c-9e32-69f47d4363d4	1C13	Earther	CHARACTER • CGC • Warrior • Unit	2	4	1 Earther		1	1	3	"As long as this character is at a site where you have a vehicle, this character is power +2."	Juggernauts deliver troops quickly to the battle zone.
bb76e47e-4cd8-4387-aefd-f947fde33d53	Consultation	https://warstcg.org//img/1/WARS-EN01014.jpg	normal	INTERRUPT	Incursion	4	d49b7fa3-163b-4e9c-9e32-69f47d4363d4	1R14	Earther	INTERRUPT (Lost)	3	5	3 Earther					You may play this interrupt only during your move phase. Destroy target vehicle at a site where you have a higher total tactics than your opponent.	Howler isn’t afraid to call in a favor from his ally Horatio Hicks.
cb17b8f1-48ab-4e3f-be5d-c5a7fe3d4943	Crossfire	https://warstcg.org//img/1/WARS-EN01015.jpg	normal	INTERRUPT	Incursion	4	d49b7fa3-163b-4e9c-9e32-69f47d4363d4	1R15	Earther	INTERRUPT (Used)	1	3	1 Earther					You may play this interrupt only during a site battle. You cause attrition +1 in that battle for each of your warriors in that battle.	One gun equals defense. Twenty guns equal victory.
9c185b0c-b94d-475b-86e8-532511eff118	Disruption	https://warstcg.org//img/1/WARS-EN01016.jpg	normal	INTERRUPT	Incursion	4	d49b7fa3-163b-4e9c-9e32-69f47d4363d4	1R16	Earther	INTERRUPT (Lost)	1	5	2 Earther					You can’t play this interrupt unless you have a kizen at a location. Cancel target pending activated ability.	Stress and danger often reveal the changes wrought by proximity to the rift.
c4437caa-fa73-4da8-a27a-d0d11e9f66d8	Entrenched Infantry	https://warstcg.org//img/1/WARS-EN01017.jpg	normal	CHARACTER	Incursion	4	d49b7fa3-163b-4e9c-9e32-69f47d4363d4	1U17	Earther	CHARACTER • CGC • Warrior • Unit	3	3	3 Earther		3	5	6	"As long as this character is at a site, as an additional cost for a player to play a unit here, that player loses 2 energy. Each time you drain here, if this character is at a site, you lose 2 energy."	Infantry soldiers have little choice but to trust the experience of their commanders. Earther troops are among the most battle-tested of the human factions.
16333cc8-3f3f-4d35-8e21-84dd9571f35f	Escort Cruiser	https://warstcg.org//img/1/WARS-EN01018.jpg	normal	SHIP	Incursion	4	d49b7fa3-163b-4e9c-9e32-69f47d4363d4	1C18	Earther	SHIP (Capacity 2) • iCom • Capital	6	2	2 Earther		5	2	8	You cause attrition +1 here for each related site where you have a vehicle.	Escort cruisers accompany battleships to provide protection for the more expensive ships.
df53277b-5fec-4094-ad22-563c9790aed6	F.L.I.C.	https://warstcg.org//img/1/WARS-EN01019.jpg	normal	WEAPON	Incursion	4	d49b7fa3-163b-4e9c-9e32-69f47d4363d4	1U19	Earther	WEAPON (Character) • Ranged	1	4	1 Earther					"As long as this character is at a site, you cause attrition +1 here. • Pay 1 energy ? Choose target unit your opponent has in a site battle here. Damage target if its defense < [D] + the number of warriors you have here."	Fusion Light Infantry Cannons are the latest development from FedGrav’s armament division.
588aefa7-b4d7-4085-8d44-8937e05a3195	Fighter Support	https://warstcg.org//img/1/WARS-EN01020.jpg	normal	ASSET	Incursion	4	d49b7fa3-163b-4e9c-9e32-69f47d4363d4	1U20	Earther	ASSET (Site)	4	2	1 Earther					"You may play this asset beneath one of your opponent’s sites. At the end of the battle destiny step of each battle at a related site, make your battle destiny in that battle +[D]. When your opponent controls this site, dismiss this asset."	Combat gurus vector Earther fighters to ensure that ground troops do not come under fire from above.
fd06e215-38c5-4770-9084-010e684dfa49	Fire for Effect	https://warstcg.org//img/1/WARS-EN01021.jpg	normal	INTERRUPT	Incursion	4	d49b7fa3-163b-4e9c-9e32-69f47d4363d4	1U21	Earther	INTERRUPT (Lost)	0	6	1 Earther					"Until end of turn, each of your opponent’s drains at a site related to a site where you have a vehicle is –1."	"""If brute force isn’t working, consider that you might not be using enough.” – FedGrav Officer’s Manual"
37941a45-547f-455a-9731-7c93488a98a3	First Aid	https://warstcg.org//img/1/WARS-EN01022.jpg	normal	ASSET	Incursion	4	d49b7fa3-163b-4e9c-9e32-69f47d4363d4	1U22	Earther	ASSET	1	4	2 Earther					"• Pay 4 energy ? The next time your target unit would be destroyed this turn, prevent that and, if it’s damaged, undamage it."	"Extraorbital Laboratories (XeLabs) provides medical service to other Earther corporations – for the right price, of course."
bd5d28f2-afcd-46a9-b8a3-e83a68942b62	Grade 7 Fluid Laser	https://warstcg.org//img/1/WARS-EN01023.jpg	normal	WEAPON	Incursion	4	d49b7fa3-163b-4e9c-9e32-69f47d4363d4	1U23	Earther	WEAPON (Capital) • Ranged	2	2	2 Earther					You cause attrition +2 here. • Pay 1 energy ? Choose target ship your opponent has in a sector battle here. Damage target if its defense < [D] + the number of capitals you have here.	"Among all Earther ships, only the drive system of a capital can meet the power requirements of a Grade 7."
cf617ad3-9135-4511-b020-43ac9f744ed7	Grav Operator	https://warstcg.org//img/1/WARS-EN01024.jpg	normal	CHARACTER	Incursion	4	d49b7fa3-163b-4e9c-9e32-69f47d4363d4	1U24	Earther	CHARACTER • FedGrav • Warrior • Unit	2	5	2 Earther		1	1	2	"As long as this character is at a site where you have a unit that has tactics >4, this character is power +4."	"Grav operators are counted on for timely responses during engagements, aiding in both defensive and offensive maneuvers."
59f05892-bfcc-4e5e-a788-22315cd71c53	GR-Blade	https://warstcg.org//img/1/WARS-EN01025.jpg	normal	VEHICLE	Incursion	4	d49b7fa3-163b-4e9c-9e32-69f47d4363d4	1C25	Earther	VEHICLE • FedGrav • Unit	2	2	1 Earther		3	2	2	"Size 2 (This vehicle counts twice against a ship’s capacity.) Transport 1 (Each time this vehicle moves, you may move with it one of your characters.) Pay 4 energy ? If this vehicle is in a site battle, make your battle destiny +2 in that battle."	Earther infantry is escorted by close support craft. These Blades are able to maneuver quickly and deliver heavy firepower.
e02cbe15-b4a9-4864-abd1-b4ba1fad7e3c	Heavy Juggernaut	https://warstcg.org//img/1/WARS-EN01026.jpg	normal	VEHICLE	Incursion	4	d49b7fa3-163b-4e9c-9e32-69f47d4363d4	1U26	Earther	VEHICLE • FedGrav • Unit	3	1	2 Earther		7	2	5	"Size 2 (This vehicle counts twice against a ship’s capacity.) Transport 1 (Each time this vehicle moves, you may move with it one of your characters.) When this vehicle enters play, dismiss a unit here."	FedGrav originally designed juggernauts in response to losses Earthers suffered at the hands of Gongen NoBots.
f475885b-7840-4e97-ae6f-2c1b4ef87e1e	?Horatio Hicks	https://warstcg.org//img/1/WARS-EN01027.jpg	normal	CHARACTER	Incursion	4	d49b7fa3-163b-4e9c-9e32-69f47d4363d4	1R27	Earther	CHARACTER • Kizen • iCom • Unit	5	3	3 Earther		4	6	4	"Piloting 3 (As long as this character is aboard a ship, that ship is power +3 and tactics +3.) • Pay 3 energy ? This character is immune to attrition until end of turn."	"Hicks is the leader every Earther wants to be – and everyone else wants to kill. He’s seen a lot of action, and it has made him a stoic and composed commander."
05395899-3d06-4c0e-b0bb-7ce0f46989eb	•Hostilities Unleashed	https://warstcg.org//img/1/WARS-EN01028.jpg	normal	INTERRUPT	Incursion	4	d49b7fa3-163b-4e9c-9e32-69f47d4363d4	1R28	Earther	INTERRUPT (Lost)	2	6	3 Earther					You may play this interrupt only when you could perform an attack. Perform an attack at no cost at target location where a battle has already taken place this turn.	“Victory belongs to the most persevering.” – Napoleon Bonaparte
e910276c-bbcd-4bec-ab4a-16e28d06b4c9	?Howler's Blades	https://warstcg.org//img/1/WARS-EN01029.jpg	normal	VEHICLE	Incursion	4	d49b7fa3-163b-4e9c-9e32-69f47d4363d4	1R29	Earther	VEHICLE • FedGrav • Unit	4	2	2 Earther		8	2	7	"Size 2 (This vehicle counts twice against a ship’s capacity.) Transport 1 (Each time this vehicle moves, you may move with it one of your characters.) When this vehicle enters play, dismiss a unit here."	"The members of Howler’s Blade wing do not feel allegiance to FedGrav, but rather to Howler. They are always on alert for his call to action."
3d681520-08d8-408e-818e-2c3e8f1877f7	?Inca 1	https://warstcg.org//img/1/WARS-EN01030.jpg	normal	SHIP	Incursion	4	d49b7fa3-163b-4e9c-9e32-69f47d4363d4	1R30	Earther	SHIP (Capacity 1) • iCom • Fighter	2	4	1 Earther		2	1	5	Each unit you play aboard this ship that has piloting costs 2 less energy to play.	"Inca 1 is a prototype for a new design of Earther fighters. Her schematics call for many internal advancements, while maintaining the same basic external design."
c5c3ec6b-d6e3-40d6-a42d-18078bd7455d	?Inca 2	https://warstcg.org//img/1/WARS-EN01031.jpg	normal	SHIP	Incursion	4	d49b7fa3-163b-4e9c-9e32-69f47d4363d4	1R31	Earther	SHIP (Capacity 1) • iCom • Fighter	3	6	2 Earther		2	1	5	"As long as you have a unit that has piloting aboard this ship, you cause attrition +2 here."	"Like her sister ship Inca 1, Inca 2 is deceptively similar to older Earther fighters. It’s all part of the plan to shield design advancement from the enemy."
d4d243f9-aa0d-4d85-a30a-56bbd099b2a8	Infantry Officer	https://warstcg.org//img/1/WARS-EN01032.jpg	normal	CHARACTER	Incursion	4	d49b7fa3-163b-4e9c-9e32-69f47d4363d4	1C32	Earther	CHARACTER • CGC • Warrior • Unit	3	3	1 Earther		1	2	4	"As long as this character is at a site where you have a character that has tactics >2, this character is power +2."	The mantra of officers such as Rayne Leclere: “Those who don’t follow orders are traitors to the cause.”
88b6a2cb-8fe0-4c8b-b64d-a16b3f5f52ce	Infantry Support Vehicle	https://warstcg.org//img/1/WARS-EN01033.jpg	normal	VEHICLE	Incursion	4	d49b7fa3-163b-4e9c-9e32-69f47d4363d4	1C33	Earther	VEHICLE • FedGrav • Unit	3	2	1 Earther		3	1	6	"Size 2 (This vehicle counts twice against a ship’s capacity.) Transport 1 (Each time this vehicle moves, you may move with it one of your characters.) Pay 2 energy ? If this vehicle is at a site adjacent to a site battle, move it to the location of that battle."	Earther forces have developed many mobile weapons platforms. They are used during ground battles as well as assaults on fixed enemy positions.
072f0686-757f-40b6-acfa-23e2d872aee4	?Ivan McCarr	https://warstcg.org//img/1/WARS-EN01034.jpg	normal	CHARACTER	Incursion	4	d49b7fa3-163b-4e9c-9e32-69f47d4363d4	1U34	Earther	CHARACTER • CISyn • Infiltrator • Unit	4	4	3 Earther		0	2	0	"As an additional cost for your opponent to use a support icon here, he or she pays 1 energy."	McCarr mastered his craft as a Gongen agent. The Coordination and Intelligence Syndicate proved that his loyalty could be bought.
480e585b-0e72-4a1d-bd5c-216a238bb769	?James Howler	https://warstcg.org//img/1/WARS-EN01035.jpg	normal	CHARACTER	Incursion	4	d49b7fa3-163b-4e9c-9e32-69f47d4363d4	1R35	Earther	CHARACTER • Kizen • CGC • Unit	5	3	3 Earther		4	4	6	• Pay 3 energy ? This character is immune to attrition until end of turn. You cause attrition +1 in each site battle here for each of your vehicles here.	"A third generation military leader, Howler is surprised by nothing in battle. Death does not scare him – the thought of not fulfilling his destiny does."
d802370b-8d81-4675-84c8-c8958b0e7403	Juggernaut Tender	https://warstcg.org//img/1/WARS-EN01036.jpg	normal	SHIP	Incursion	4	d49b7fa3-163b-4e9c-9e32-69f47d4363d4	1U36	Earther	SHIP (Capacity 8) • iCom • Capital	3	4	2 Earther		3	2	5	Each movement targeting a unit aboard this ship costs 1 less energy to perform. • Pay 3 energy ? Move target vehicle from aboard this ship to a related site.	Earther transports have the capability to rapidly deploy large numbers of juggernauts to hot zones.
0e9d1563-eec2-4206-9b46-35762b6fe3b2	Level II Guru	https://warstcg.org//img/1/WARS-EN01037.jpg	normal	CHARACTER	Incursion	4	d49b7fa3-163b-4e9c-9e32-69f47d4363d4	1C37	Earther	CHARACTER • CISyn • Tech • Unit	3	4	2 Earther		1	2	3	You cause attrition +1 in each site battle here for each of your units here that has tactics > 2.	Jannett Yens is a Level II battle coordinator. She used to carry a rifle – now she tells others where to fire them.
679d4d81-4784-458b-965a-7c30a49e1215	LongBow Missile 27-B	https://warstcg.org//img/1/WARS-EN01038.jpg	normal	WEAPON	Incursion	4	d49b7fa3-163b-4e9c-9e32-69f47d4363d4	1U38	Earther	WEAPON (Ship) • Ranged	1	4	1 Earther					You cause attrition +1 here. • Pay 1 energy ? Choose target ship your opponent has in a sector battle here. Damage target if its defense < [D] + the number of fighters you have here.	Type IV fighters are equipped with multiple missile ports. LongBows are the standard loadout.
f84280e0-d77c-4234-ace3-17d25a81d0cd	Luna Garrison Fighter	https://warstcg.org//img/1/WARS-EN01039.jpg	normal	SHIP	Incursion	4	d49b7fa3-163b-4e9c-9e32-69f47d4363d4	1C39	Earther	SHIP (Capacity 1) • iCom • Fighter	3	3	1 Earther		2	1	5	"As long as this ship is at a sector that has ""Luna"" in its title, this ship is power +2, tactics +1, and defense +2."	Luna Garrison pilots operate the first generation of Type IV fighters.
2aba408b-5333-41c6-b484-fde1f3a724ae	Orbital Bombardment	https://warstcg.org//img/1/WARS-EN01040.jpg	normal	ASSET	Incursion	4	d49b7fa3-163b-4e9c-9e32-69f47d4363d4	1U40	Earther	ASSET (Site)	1	4	2 Earther					You may play this asset beneath one of your opponent’s sites. • Lose 2 energy ? Choose target unit in a battle here and target related sector. Damage that unit if its defense < [D] + the total tactics of your ships at that sector.	The CGC pays a handsome “bullseye bonus” to iCom for accuracy during orbital bombardments.
53ee1834-3cf2-46a1-a61d-862f99403b79	Orbital Coverage	https://warstcg.org//img/1/WARS-EN01041.jpg	normal	ASSET	Incursion	4	d49b7fa3-163b-4e9c-9e32-69f47d4363d4	1U41	Earther	ASSET (Sector)	2	1	2 Earther					"You may play this asset beneath one of your opponent’s sectors. Each time you lose a battle at a related site, you may lose 5 energy. If you do, reduce your casualties in that battle to 0. When your opponent controls this sector, dismiss this asset."	The ships of iCom act as eyes and ears for CGC’s troops on the ground.
9fe08de9-56de-4a89-85ce-5b960932259c	?Pavel Royerk	https://warstcg.org//img/1/WARS-EN01042.jpg	normal	CHARACTER	Incursion	4	d49b7fa3-163b-4e9c-9e32-69f47d4363d4	1U42	Earther	CHARACTER • CISyn • Infiltrator • Unit	1	1	2 Earther		2	3	3	The first movement targeting this character each turn costs 1 less energy to perform.	"Royerk is always the one for the job, no matter the odds."
c91d3a8c-3d57-406b-90c5-50a8cfa95390	Shift in Tactics	https://warstcg.org//img/1/WARS-EN01043.jpg	normal	INTERRUPT	Incursion	4	d49b7fa3-163b-4e9c-9e32-69f47d4363d4	1R43	Earther	INTERRUPT (Lost)	0	5	1 Earther					"You may play this interrupt only during a battle, before the battle destiny step. The next time you would reveal a card for battle destiny, make your battle destiny +X instead, where X is the tactics of target unit you have in this battle."	“Abort Attack Plan Foxtrot. Move to the left of the landing pad – and hit them hard!”
9b93b78d-e6a2-4cdb-9745-6f50473066ec	Sidearm	https://warstcg.org//img/1/WARS-EN01044.jpg	normal	WEAPON	Incursion	4	d49b7fa3-163b-4e9c-9e32-69f47d4363d4	1R44	Earther	WEAPON (Character) • Ranged	0	4	2 Earther					"As long as this character is at a site, you cause attrition +1 here. • Pay 3 energy ? Choose target unit your opponent has in a site battle here. Damage target if its defense < [D] + this character’s tactics."	Earther troops are well-trained in firing small weapons. James Howler is among the best of the Earther marksmen.
101774c2-fc1f-4147-be71-6bd4c9ac3b06	Slippery	https://warstcg.org//img/1/WARS-EN01045.jpg	normal	ASSET	Incursion	4	d49b7fa3-163b-4e9c-9e32-69f47d4363d4	1R45	Earther	ASSET (Character Infiltrator)	2	1	2 Earther					"As long as this character is at a site, this character gains the ability: “As long as each of your units here is an infiltrator, neither player can attack here.” Pay 3 energy ? Put this character in its owner’s hand."	A good infiltrator knows when it’s time to find the exit.
2044b80d-84e6-4bda-8e41-a93941180a80	State of Readiness	https://warstcg.org//img/1/WARS-EN01046.jpg	normal	INTERRUPT	Incursion	4	d49b7fa3-163b-4e9c-9e32-69f47d4363d4	1U46	Earther	INTERRUPT (Used)	1	2	1 Earther					You may play this interrupt only during a battle at a site where you have at least four warriors. Make your battle destiny in that battle +[D].	The members of Earth’s cavalry have been trained to operate as one.
34a871b1-aa33-4745-9181-0dc0b4856065	Sudden Approach	https://warstcg.org//img/1/WARS-EN01047.jpg	normal	INTERRUPT	Incursion	4	d49b7fa3-163b-4e9c-9e32-69f47d4363d4	1U47	Earther	INTERRUPT (Used)	1	5	1 Earther					Target pending unit can’t move until end of turn.	Sometimes surprise is more effective than firepower.
eddda08d-d85f-4e01-a648-0c278b254d84	Survey Cruiser	https://warstcg.org//img/1/WARS-EN01048.jpg	normal	SHIP	Incursion	4	d49b7fa3-163b-4e9c-9e32-69f47d4363d4	1C48	Earther	SHIP (Capacity 2) • iCom • Capital	5	1	2 Earther		4	2	8	You cause attrition +1 at each related site.	"Cruisers are used by Earthers to keep watch for enemy vehicles, as well as for deployment of special operations forces."
999bcf2e-529f-4978-ae18-b4a5866609b2	•Syndicate Interference	https://warstcg.org//img/1/WARS-EN01049.jpg	normal	INTERRUPT	Incursion	4	d49b7fa3-163b-4e9c-9e32-69f47d4363d4	1R49	Earther	INTERRUPT (Used)	2	4	1 Earther					"For each of your opponent’s units at the site of target pending drain, he or she chooses to pay 1 energy or dismiss that unit."	Ivan McCarr’s services are expensive – but some things are worth the price.
88d3824c-daaa-435b-8a89-f7cf054ce719	Untapped Mettle	https://warstcg.org//img/1/WARS-EN01050.jpg	normal	ASSET	Incursion	4	d49b7fa3-163b-4e9c-9e32-69f47d4363d4	1R50	Earther	ASSET (Kizen)	1	3	2 Earther					"You can’t play more than one of this asset beneath the same kizen. Dismiss this asset ? Until end of turn, make this kizen power +3 and you cause attrition +2 here."	"For many, only deadly peril exposes true potential."
e8c6308f-cd80-454a-a0d4-0ad1f7b778a5	Untold Power of Visions	https://warstcg.org//img/1/WARS-EN01051.jpg	normal	ASSET	Incursion	4	d49b7fa3-163b-4e9c-9e32-69f47d4363d4	1R51	Earther	ASSET (Kizen)	0	6	2 Earther					"You can’t play more than one of this asset beneath the same kizen. • Pay 1 energy ? Examine the top two cards of target player’s reserve. Return one of them, then put the other on top of that player’s used pile."	The benefits Jossel Swin provides for Earth are without measure – his unbalanced mind has the invaluable gift of foresight.
2381f839-5d39-4021-8aa5-9bb6d5138199	Vanguard Trooper	https://warstcg.org//img/1/WARS-EN01052.jpg	normal	CHARACTER	Incursion	4	d49b7fa3-163b-4e9c-9e32-69f47d4363d4	1R52	Earther	CHARACTER • CGC • Warrior • Unit	3	4	1 Earther		1	1	3	Pay 0 energy ? Play a unit at a related site. That unit costs 1 less energy to play. You may use this ability only during your deploy phase.	CGC vanguard troopers are trained from birth to love both the money they make and the company for which they fight.
d8f20c13-319c-4073-85d5-f0d68fefd9ab	Venus Garrison Fighter	https://warstcg.org//img/1/WARS-EN01053.jpg	normal	SHIP	Incursion	4	d49b7fa3-163b-4e9c-9e32-69f47d4363d4	1C53	Earther	SHIP (Capacity 1) • XeLabs • Fighter	3	3	1 Earther		2	1	5	"As long as this ship is at a sector that has ""Venus"" in its title, this ship is power +2, tactics +1, and defense +2."	"Most Earther colonies contract with iCom for protection, but XeLabs uses this custom garrison fighter to protect their classified work on Venus."
cdee4a41-6bc0-443b-aef3-69b1746c26a5	Veteran Pilot	https://warstcg.org//img/1/WARS-EN01054.jpg	normal	CHARACTER	Incursion	4	d49b7fa3-163b-4e9c-9e32-69f47d4363d4	1U54	Earther	CHARACTER • iCom • Unit	2	2	1 Earther		1	2	3	"Piloting 1 (As long as this character is aboard a ship, that ship is power +1 and tactics +1.) Pay 4 energy ? If this character is aboard a fighter, target ship here can’t move until end of turn."	Pilots like Tiandre Sulson would sooner give up their lives than move their ships out of battle position. Earther pilots are known for their tenacity.
38bfaa4b-45c4-42bf-ae92-3511c5eafbbd	Zealous Squad	https://warstcg.org//img/1/WARS-EN01055.jpg	normal	CHARACTER	Incursion	4	d49b7fa3-163b-4e9c-9e32-69f47d4363d4	1C55	Earther	CHARACTER • CGC • Warrior • Unit	2	3	2 Earther		6	2	2	"When this character enters play, dismiss a unit here."	"“The day shall come when our noble cause will become truth. Until then, Earthers must be willing to sacrifice all they have.” – James Howler, 2388"
565d3edc-7e77-42d7-af28-f870a8fc28d2	Amorian Shipyard	https://warstcg.org//img/1/WARS-EN01056.jpg	normal	ASSET	Incursion	4	d49b7fa3-163b-4e9c-9e32-69f47d4363d4	1R56	Gongen	ASSET	0	5	2 Gongen					"Each time one of your fighters is lost from a battle, if there are no cards stacked on this asset, you may stack that fighter on this asset. Pay 2 energy ? Play a fighter stacked on this asset at full cost to an asteroid sector. You may use this ability only during your deploy phase."	Hidden assets in the Belt provide rapid replenishment to Tenno fighter forces – a threat that the iCom fleet takes very seriously.
9763e62a-4aad-4373-a929-43fd709b1fd6	Ancestral Garden	https://warstcg.org//img/1/WARS-EN01057.jpg	normal	ORDER	Incursion	4	d49b7fa3-163b-4e9c-9e32-69f47d4363d4	1R57	Gongen	ORDER (Lost)	0	4	2 Gongen					Play target character from your lost pile at full cost who has tactics < your target kizen’s tactics.	"The past, properly nurtured, gives strength."
8ef3f3e1-cad5-4cb4-a0ce-fcb7ed281dde	Carrier Screen	https://warstcg.org//img/1/WARS-EN01058.jpg	normal	ASSET	Incursion	4	d49b7fa3-163b-4e9c-9e32-69f47d4363d4	1R58	Gongen	ASSET (Location)	3	5	3 Gongen					"You may play this asset beneath one of your opponent’s locations. You can’t play more than one of this asset beneath the same location. Your opponent’s battle destiny in a battle here is – 3. When your opponent controls this location, dismiss this asset."	Guardian-class carriers are assigned to defend the most important holdings of the Gongen. Their complement of fighters makes them extremely formidable.
128b9ce5-7bd2-403c-840d-6eb1a369ead7	Chijo Katana	https://warstcg.org//img/1/WARS-EN01059.jpg	normal	WEAPON	Incursion	4	d49b7fa3-163b-4e9c-9e32-69f47d4363d4	1U59	Gongen	WEAPON (Kizen) • Melee	1	2	2 Gongen					"This kizen can’t be damaged. • Pay 1 energy ? Choose target unit your opponent has in a site battle here. Reveal the top two cards of your reserve, choose one and note its destiny, then put them on top of your used pile in any order. Damage target if its defense < that destiny."	"To symbolize the new beginnings, many swords transported from Earth were reforged. Most seem to have picked up a reddish glint, perhaps from the spirit of the planet."
122d36c3-badb-4f57-8765-13a624d4fa1f	Chijo Warrior	https://warstcg.org//img/1/WARS-EN01060.jpg	normal	CHARACTER	Incursion	4	d49b7fa3-163b-4e9c-9e32-69f47d4363d4	1C60	Gongen	CHARACTER • Chijo • Warrior • Unit	1	4	2 Gongen		1	1	3	"• Pay 0 energy ? If this character is at a site and has a weapon beneath it, play a unit here at full cost."	"As Akatsun Shiro knows, not all Gongen weapons need be traditional."
c4d27d29-fabc-4d36-8e4b-015982bbd89f	Cloud	https://warstcg.org//img/1/WARS-EN01061.jpg	normal	INTERRUPT	Incursion	4	d49b7fa3-163b-4e9c-9e32-69f47d4363d4	1U61	Gongen	INTERRUPT (Lost)	0	6	1 Gongen					Choose target ship in a sector battle. Damage target if opponent’s [D] < the number of fighters you have at that sector.	"Few escape the consuming cloud; it seeps into every crevice and blinds every effort, leaving death."
aabbbc9b-2198-4a77-b225-628c04969b50	Cruel Lesson	https://warstcg.org//img/1/WARS-EN01062.jpg	normal	ASSET	Incursion	4	d49b7fa3-163b-4e9c-9e32-69f47d4363d4	1R62	Gongen	ASSET	3	1	1 Gongen					"Each time a player’s unit is damaged by an ability of a weapon, if any of that player’s other units is damaged, he or she loses 2 energy."	"“We learn little in victory, much in defeat.” – Traditional"
6f5c9550-de1c-4ed9-8640-f6b85b8c4c7a	Dauntless Defense	https://warstcg.org//img/1/WARS-EN01063.jpg	normal	INTERRUPT	Incursion	4	d49b7fa3-163b-4e9c-9e32-69f47d4363d4	1C63	Gongen	INTERRUPT (Used)	1	5	1 Gongen					Make each of your units and ships in a battle at target location defense +1 until end of turn.	"Kokata units stand side by side with the NoBots which they are named after, defending the people of Gongen."
3bf40492-cbeb-47f9-9dc1-d707ad20f6d2	Dedication	https://warstcg.org//img/1/WARS-EN01064.jpg	normal	ASSET	Incursion	4	d49b7fa3-163b-4e9c-9e32-69f47d4363d4	1C64	Gongen	ASSET	3	2	2 Gongen					Each of your damaged characters and damaged fighters is defense +1.	"The dedication of the Gongen permit them to continue to fight and sacrifice for their companions, even when the end is near."
bcde08c3-62d4-44f0-88e9-84ea6848fcc1	?Deigan	https://warstcg.org//img/1/WARS-EN01065.jpg	normal	NOBOT	Incursion	4	d49b7fa3-163b-4e9c-9e32-69f47d4363d4	1R65	Gongen	NOBOT • Deigan • Bot • Unit	6	5	3 Gongen		9	4	5	"Size 3 When you do not have at least two other Gongen units here, dismiss this NoBot. As long as this NoBot is at a site that has no support icons on your side, your opponent causes attrition –2 here."	The Deigan NoBot embodies the persistence and passion of her namesake – defending the Gongen people with a steadfast devotion.
1fccade6-b277-4947-b3b6-d3573b7be0cb	Deigan Follower	https://warstcg.org//img/1/WARS-EN01066.jpg	normal	CHARACTER	Incursion	4	d49b7fa3-163b-4e9c-9e32-69f47d4363d4	1U66	Gongen	CHARACTER • Deigan • Warrior • Unit	2	4	2 Gongen		2	2	3	"Each time a site battle begins here, you may lose 3 energy. If you do, damage target unit here."	"“Fall seven times, stand up eight.” – Deigan battle chant"
7f49f527-8727-4d7e-9823-611f8346d19e	•Energy Tap	https://warstcg.org//img/1/WARS-EN01067.jpg	normal	INTERRUPT	Incursion	4	d49b7fa3-163b-4e9c-9e32-69f47d4363d4	1R67	Gongen	INTERRUPT (Lost)	3	5	2 Gongen					"The next time your opponent loses cards to target pending drain, you retrieve a card for each card lost to that drain."	"Technicians from Gongen are skilled at all types of energy manipulation, including siphoning enemy resources."
a4eb35e2-4c5d-4cf7-8fac-24508a3a3acf	Gongen Katana	https://warstcg.org//img/1/WARS-EN01068.jpg	normal	WEAPON	Incursion	4	d49b7fa3-163b-4e9c-9e32-69f47d4363d4	1U68	Gongen	WEAPON (Character) • Melee	0	2	1 Gongen					This character is defense +2. • Pay 1 energy ? Choose target unit your opponent has in a site battle here. Damage target if its defense < [D]. Pay 3 energy ? Put this weapon in its owner’s hand.	"Each katana is crafted to its bearer, named, then blessed by the master artisan that created it. The warrior’s mind resides at peace within the blade."
b7c84bdd-2160-49f6-84cf-1586529897a5	Gongen T.S.V.	https://warstcg.org//img/1/WARS-EN01069.jpg	normal	VEHICLE	Incursion	4	d49b7fa3-163b-4e9c-9e32-69f47d4363d4	1C69	Gongen	VEHICLE • Deigan • Unit	1	2	1 Gongen		2	1	3	"Size 3, Transport 4 Each time an ability of a weapon beneath this vehicle damages another unit, you may pay 2 energy. If you do, destroy that unit."	"The Gongen use support vehicles to sever communications and tracking systems, disrupting the balance of their enemy."
23495766-7add-4fd1-b888-360c964adf83	Grid Tactician	https://warstcg.org//img/1/WARS-EN01070.jpg	normal	CHARACTER	Incursion	4	d49b7fa3-163b-4e9c-9e32-69f47d4363d4	1C70	Gongen	CHARACTER • Chijo • Tech • Unit	2	4	2 Gongen		1	1	3	You generate 1 more energy here.	Those who excel at coordinating resources are best left unfettered. Masa Akayuke is one of the best.
238a9d5f-73d1-41bc-8dec-63dede545078	Guardian-Class Carrier	https://warstcg.org//img/1/WARS-EN01071.jpg	normal	SHIP	Incursion	4	d49b7fa3-163b-4e9c-9e32-69f47d4363d4	1C71	Gongen	SHIP (Capacity 6) • Tenno • Capital	4	1	1 Gongen		4	3	5	"Transport 4 (Each time this ship moves, you may move with it up to four of your fighters.)"	"When accompanied by a fighter group, grav drives ablaze, it evokes the image of an Asian junk alight with hundreds of paper lanterns."
68a77530-56bf-477a-97e2-a872e9ad67ca	?Hamon of Ikazuchi	https://warstcg.org//img/1/WARS-EN01072.jpg	normal	VEHICLE	Incursion	4	d49b7fa3-163b-4e9c-9e32-69f47d4363d4	1C72	Gongen	VEHICLE • Ikazuchi • Unit	4	4	1 Gongen		2	2	4	"Size 3 (This vehicle counts three times against a ship’s capacity.) Transport 4 (Each time this vehicle moves, you may move with it up to four of your characters.) When this vehicle enters play at a site, activate 1 energy for each of your other units here."	This T.S.V. is programmed with the same tactical ware as Gongen carriers and fighters.
33e2ce4c-61d3-4fa9-b06a-3a0f70417802	?Higen Orochito	https://warstcg.org//img/1/WARS-EN01073.jpg	normal	CHARACTER	Incursion	4	d49b7fa3-163b-4e9c-9e32-69f47d4363d4	1R73	Gongen	CHARACTER • Kizen • Deigan • Unit	4	5	3 Gongen		2	4	2	"• Lose 2 energy ? This character is immune to attrition until end of turn. When this character is lost from a site, retrieve up to three cards."	"Orochito is a descendent of Higen Shijin, the 21st century philosopher who authored “The Great Journey.”"
0685b153-98ae-432d-96ef-70e556400475	Honorable Death	https://warstcg.org//img/1/WARS-EN01074.jpg	normal	ASSET	Incursion	4	d49b7fa3-163b-4e9c-9e32-69f47d4363d4	1U74	Gongen	ASSET	1	5	1 Gongen					"Each time one of your fighters is lost from a battle, you may stack it on this asset. Dismiss this asset ? Make your total power at target sector +2 until end of turn for each fighter stacked on this asset."	“Tigers die and leave their skins; people die and leave their names.” – Traditional
3a657958-3a43-4131-a6ea-aff7b4682a79	?Ikazuchi	https://warstcg.org//img/1/WARS-EN01075.jpg	normal	NOBOT	Incursion	4	d49b7fa3-163b-4e9c-9e32-69f47d4363d4	1R75	Gongen	NOBOT • Ikazuchi • Bot • Unit	5	3	3 Gongen		8	2	8	Size 3 (This NoBot counts three times against a ship’s capacity.) • Pay 2 energy ? Make target other unit here defense +2 until end of turn.	"Ikazuchi, like the tempest storm, flashes lightning, roars thunder, yet leaves hope in its wake."
f22f5da4-492b-45b2-b370-2e207827e428	Ikazuchi Leader	https://warstcg.org//img/1/WARS-EN01076.jpg	normal	CHARACTER	Incursion	4	d49b7fa3-163b-4e9c-9e32-69f47d4363d4	1U76	Gongen	CHARACTER • Ikazuchi • Warrior • Unit	3	2	2 Gongen		1	3	2	"When this character enters play, reveal the top card of your reserve. If it's a Gongen unit, you may play it here. It costs 3 less energy to play."	"“Both the victor and the vanquished are but drops of dew, but bolts of lightning...” – Ikazuchi battle chant"
900106f7-8026-49e1-a444-46287ec49e46	Ikazuchi T.S.V.	https://warstcg.org//img/1/WARS-EN01077.jpg	normal	VEHICLE	Incursion	4	d49b7fa3-163b-4e9c-9e32-69f47d4363d4	1U77	Gongen	VEHICLE • Ikazuchi • Unit	4	1	2 Gongen		3	2	3	"Size 3 (This vehicle counts three times against a ship’s capacity.) Transport 4 (Each time this vehicle moves, you may move with it up to four of your characters.) Each time a site battle begins here, your opponent pays 3 energy."	"Originally built for low altitude reconnaissance, they were refitted with plasma cannon."
50813028-d51c-4a9f-96d7-21c0f96fc9aa	Jet Pack Attack	https://warstcg.org//img/1/WARS-EN01078.jpg	normal	INTERRUPT	Incursion	4	d49b7fa3-163b-4e9c-9e32-69f47d4363d4	1R78	Gongen	INTERRUPT (Used)	0	6	2 Gongen					Move target character you have at a site adjacent to a site battle to the location of that battle.	Used brilliantly by Kano Masako in defense of TakumiCity. The neural interface on the thruster pack allows for immediate and surprising results.
5e5d7d5b-44c4-4209-a14f-2bca8db583bc	?Jikoku	https://warstcg.org//img/1/WARS-EN01079.jpg	normal	SHIP	Incursion	4	d49b7fa3-163b-4e9c-9e32-69f47d4363d4	1R79	Gongen	SHIP (Capacity 6) • Tenno • Capital	3	1	1 Gongen		3	3	5	"Transport 4 (Each time this ship moves, you may move with it up to four of your fighters.) • Put a ship from your hand on top of your used pile ? Make this ship immune to attrition until end of turn."	"“Like the great sun of the East, Jikoku will bring light and hope...” – Tenryu naming ceremony, 2382"
8027261a-efbb-4157-8cf0-7562e4b07e48	Jikoku Fighter	https://warstcg.org//img/1/WARS-EN01080.jpg	normal	SHIP	Incursion	4	d49b7fa3-163b-4e9c-9e32-69f47d4363d4	1C80	Gongen	SHIP (Capacity 1) • Tenno • Fighter	1	1	2 Gongen		2	2	4	"As long as you have at least two other Gongen fighters here, this ship is defense +2."	"Gongen fighters are designed to create an overlapping field of electronic noise when flying in close formation, disrupting enemy targeting systems."
87e1a122-8159-4d12-a5c6-dd945ddee001	Junshi	https://warstcg.org//img/1/WARS-EN01081.jpg	normal	INTERRUPT	Incursion	4	d49b7fa3-163b-4e9c-9e32-69f47d4363d4	1U81	Gongen	INTERRUPT (Lost)	0	5	2 Gongen					You can’t play this interrupt unless you have a kizen at a location. Destroy target asset.	"More disturbing to CGC forces than the arrival of the NoBot was its response when the city it defended fell, killing thousands of Earthers."
f8d5707e-e182-4248-b9b7-dc30592fe0c0	?Kano Masako	https://warstcg.org//img/1/WARS-EN01082.jpg	normal	CHARACTER	Incursion	4	d49b7fa3-163b-4e9c-9e32-69f47d4363d4	1R82	Gongen	CHARACTER • Kizen • Ikazuchi • Unit	1	6	3 Gongen		1	1	3	This character can’t be damaged. • Put a card from your hand on top of your used pile ? Activate 1 energy.	The fifth daughter of Kano Tamju. Her innate balance makes her deadly and elusive.
cbc70e2e-4090-48e6-a0f3-f69c5a8e2389	?Komoku	https://warstcg.org//img/1/WARS-EN01083.jpg	normal	SHIP	Incursion	4	d49b7fa3-163b-4e9c-9e32-69f47d4363d4	1C83	Gongen	SHIP (Capacity 6) • Tenno • Capital	3	2	2 Gongen		4	3	5	"Transport 4 (Each time this ship moves, you may move with it up to four of your fighters.) When this ship enters play, for each related site where you have a unit, this ship costs 1 less energy to play."	"“...and in the twilight that blankets the West, Komoku will strike swiftly in stealth against invaders.” – Tenryu naming ceremony, 2382"
b16ac118-6cba-417a-9834-93f3143a3df5	Komoku Fighter	https://warstcg.org//img/1/WARS-EN01084.jpg	normal	SHIP	Incursion	4	d49b7fa3-163b-4e9c-9e32-69f47d4363d4	1R84	Gongen	SHIP (Capacity 1) • Tenno • Fighter	3	2	2 Gongen		2	2	4	"When this ship enters play, you may download a card titled “Komoku Fighter.” (When you download a card, search your reserve for that card, reveal it to your opponent, and put it in your hand. Then shuffle your reserve.)"	The A.I. on Gongen provides and maintains the tactical matrix used by Tenno forces.
f20deeee-63b3-498c-a04b-f8e784846a42	Loremaster	https://warstcg.org//img/1/WARS-EN01085.jpg	normal	CHARACTER	Incursion	4	d49b7fa3-163b-4e9c-9e32-69f47d4363d4	1U85	Gongen	CHARACTER • Chijo • Warrior • Unit	2	4	2 Gongen		1	2	1	"When this character is lost from a location, you may put target other card from your lost pile on the bottom of your active pile."	"Though they live on a new world, the people of Gongen value their past."
32c37300-01d2-423c-a84f-6f01cc68a075	Mark of the Kami	https://warstcg.org//img/1/WARS-EN01086.jpg	normal	ASSET	Incursion	4	d49b7fa3-163b-4e9c-9e32-69f47d4363d4	1R86	Gongen	ASSET (Sector)	2	0	3 Gongen					"You may play this asset beneath one of your opponent’s sectors. As an additional cost for a player to drain here, his or her ships here must have at least 8 total power."	"When the people of Gongen make an area of space a priority, they do not relent."
bf9676f0-71cb-4b7a-ba7e-e86eba1138a2	Meditation	https://warstcg.org//img/1/WARS-EN01087.jpg	normal	ASSET	Incursion	4	d49b7fa3-163b-4e9c-9e32-69f47d4363d4	1R87	Gongen	ASSET (Kizen)	0	5	2 Gongen					"You can’t play more than one of this asset beneath the same kizen. • Pay 1 energy ? Reveal the top card of your reserve. Then you may reveal a card from your hand that has the same destiny as that card. If you do, exchange those cards."	"Her hands rested on her thighs as if she was in the middle of some garden, contemplating a warm afternoon.”– A Matter of Life or Death"
c4a75f71-b2a8-4bf3-b8d6-09abbe964311	Minefield	https://warstcg.org//img/1/WARS-EN01088.jpg	normal	ASSET	Incursion	4	d49b7fa3-163b-4e9c-9e32-69f47d4363d4	1C88	Gongen	ASSET (Site)	3	2	3 Gongen					"You may play this asset beneath one of your opponent’s sites. Each time a player’s unit enters play here, destroy it if its defense < his or her opponent’s [D]."	Gongen itself seemed to strike at the invaders.
1121ea0e-b023-4be6-b062-607cafe1498f	Much Admired	https://warstcg.org//img/1/WARS-EN01089.jpg	normal	ASSET	Incursion	4	d49b7fa3-163b-4e9c-9e32-69f47d4363d4	1R89	Gongen	ASSET (Kizen)	0	4	2 Gongen					"You can’t play more than one of this asset beneath the same kizen. • Pay 2 energy ? If your opponent’s [D] < this kizen’s tactics, your opponent causes attrition –4 here until end of turn."	Acuity in battle is much admired by the kokata units which follow the NoBots. The leaders of such units seem almost unnaturally attuned to the flow of the fight.
49e81e06-ef45-417b-9c40-1e114c1b543d	N?Bot Battle Sword	https://warstcg.org//img/1/WARS-EN01090.jpg	normal	WEAPON	Incursion	4	d49b7fa3-163b-4e9c-9e32-69f47d4363d4	1R90	Gongen	WEAPON (NoBot) • Melee	1	5	1 Gongen					• Pay 6 energy ? Damage target unit your opponent has in a site battle here.	Their monomolecular edge allow these immense weapons to cut through even the thickest plating.
f009e811-dfd4-40aa-8c5f-bb60ed1a0065	Not Easily Taken	https://warstcg.org//img/1/WARS-EN01091.jpg	normal	ASSET	Incursion	4	d49b7fa3-163b-4e9c-9e32-69f47d4363d4	1R91	Gongen	ASSET (Site)	2	0	3 Gongen					"You may play this asset beneath one of your opponent’s sites. As an additional cost for a player to drain here, he or she must have at least 8 total tactics here."	The Battle of Phobos taught Earther commanders that more than a token force would be required to hold Gongen.
a8e4b9a6-140d-4315-90b9-854a27ec1f8c	Plasma Cannon	https://warstcg.org//img/1/WARS-EN01092.jpg	normal	WEAPON	Incursion	4	d49b7fa3-163b-4e9c-9e32-69f47d4363d4	1U92	Gongen	WEAPON (Unit) • Ranged	0	4	1 Gongen					"This unit is defense +1. • Pay 1 energy ? Choose target unit your opponent has in a site battle either here or at an adjacent site. Reveal the top two cards of your reserve, choose one and note its destiny, then put them on top of your used pile in any order. Damage target if its defense < that destiny."	"“A single arrow is easily broken, but not ten in a bundle.” – Zen saying"
be90357d-a54d-400c-b030-94ba75a9a99c	Resource Technician	https://warstcg.org//img/1/WARS-EN01093.jpg	normal	CHARACTER	Incursion	4	d49b7fa3-163b-4e9c-9e32-69f47d4363d4	1C93	Gongen	CHARACTER • Chijo • Tech • Unit	4	2	1 Gongen		2	2	4	"As long as this character is at a site that has no support icons on your side, you generate 2 more energy here."	Gongen are able to find the building blocks of energy in the most unlikely places.
92201883-4de3-4664-b7c4-4bfe194b2d16	Rising Morale	https://warstcg.org//img/1/WARS-EN01094.jpg	normal	INTERRUPT	Incursion	4	d49b7fa3-163b-4e9c-9e32-69f47d4363d4	1U94	Gongen	INTERRUPT (Lost)	0	6	2 Gongen					"As an additional cost to play this interrupt, you must have at least two fighters at the same sector. Activate 4 energy."	“Exploit your enemy’s weakness and it will give you strength renewed. Each bloody death blow will thicken our blood!” – Cry heard at the Battle of Phobos.
555cbbb3-34a3-49be-8644-5c3492f50368	Serenity	https://warstcg.org//img/1/WARS-EN01095.jpg	normal	ORDER	Incursion	4	d49b7fa3-163b-4e9c-9e32-69f47d4363d4	1R95	Gongen	ORDER (Lost)	1	6	3 Gongen					Your opponent loses a card at random from his or her hand.	"Placidity of Chijo encampments is disconcerting to most outsiders, causing them to quake with their own disharmony."
7e4c48db-6d14-499f-9ac6-a936a46e399a	Sharper Than Steel	https://warstcg.org//img/1/WARS-EN01096.jpg	normal	ASSET	Incursion	4	d49b7fa3-163b-4e9c-9e32-69f47d4363d4	1U96	Gongen	ASSET	5	2	3 Gongen					"Each time an ability of a weapon damages a ship or unit, you may pay 2 energy. If you do, destroy that ship or unit."	A focused mind cuts more deeply than metal alone.
ef867105-67de-4bff-a780-f11123148081	Sheltered	https://warstcg.org//img/1/WARS-EN01097.jpg	normal	ORDER	Incursion	4	d49b7fa3-163b-4e9c-9e32-69f47d4363d4	1R97	Gongen	ORDER (Lost)	2	5	2 Gongen					"As an additional cost to play this order, dismiss a unit at a site. Play target Gongen unit from your lost pile at that site. It costs 3 less energy to play."	"Originally designed to help settlers survive the harsh Martian landscape, the artificial intelligence has provided the NoBots to protect citizens."
da88d612-7aac-4a89-8c6a-7834405f20e9	?Shikami	https://warstcg.org//img/1/WARS-EN01098.jpg	normal	NOBOT	Incursion	4	d49b7fa3-163b-4e9c-9e32-69f47d4363d4	1R98	Gongen	NOBOT • Shikami • Bot • Unit	6	3	3 Gongen		7	3	6	"Size 3 (This NoBot counts three times against a ship’s capacity.) As long as you have at least two other Gongen units here, this NoBot is power +2."	The vengeful Shikami was the first NoBot to appear and defend the people of Gongen.
f31e4f4d-2232-4f87-8254-a472413a8853	Shikami Follower	https://warstcg.org//img/1/WARS-EN01099.jpg	normal	CHARACTER	Incursion	4	d49b7fa3-163b-4e9c-9e32-69f47d4363d4	1U99	Gongen	CHARACTER • Shikami • Warrior • Unit	2	2	1 Gongen		2	3	2	Dismiss one of your other units here ? Make your opponent’s battle destiny in a battle here -3.	The rage of Shikami inspires believers such as Tennaru Hari.
94a70c3f-56f9-4a64-b098-8daa8d944006	Shikami T.S.V.	https://warstcg.org//img/1/WARS-EN01100.jpg	normal	VEHICLE	Incursion	4	d49b7fa3-163b-4e9c-9e32-69f47d4363d4	1C100	Gongen	VEHICLE • Shikami • Unit	2	4	1 Gongen		3	1	2	"Size 3 (This vehicle counts three times against a ship’s capacity.) Transport 4 (Each time this vehicle moves, you may move with it up to four of your characters.) • Pay 2 energy ? If this vehicle is at a site, make target unit here defense – 2 until end of turn."	Tenryu Strike Vehicles provide fire support for the kokata units of each NoBot.
0db0841d-4fc1-4e99-b0ae-a3914dd283c9	Shikami Warrior	https://warstcg.org//img/1/WARS-EN01101.jpg	normal	CHARACTER	Incursion	4	d49b7fa3-163b-4e9c-9e32-69f47d4363d4	1C101	Gongen	CHARACTER • Shikami • Warrior • Unit	2	4	2 Gongen		2	2	3	"When this character enters play at a site where you have a bot, you may retrieve a card."	Shikami warriors are the deadliest of sword masters. It is said that they can cut the courage from your soul.
c069bcf9-f82a-4732-998f-817df4b39873	Sniffed Out	https://warstcg.org//img/1/WARS-EN01102.jpg	normal	ORDER	Incursion	4	d49b7fa3-163b-4e9c-9e32-69f47d4363d4	1U102	Gongen	ORDER (Lost)	2	3	1 Gongen					Destroy target infiltrator your opponent has at a site. Then your opponent loses 3 energy.	Death is a small price to pay to remove an intruder from Gongen soil.
83b725f5-d621-4722-b01e-1f15d00b40e5	Spirit Theft	https://warstcg.org//img/1/WARS-EN01103.jpg	normal	INTERRUPT	Incursion	4	d49b7fa3-163b-4e9c-9e32-69f47d4363d4	1C103	Gongen	INTERRUPT (Used)	2	2	1 Gongen					Activate energy equal to target damaged unit’s defense.	Attuned minds of Gongen warriors peer into one’s soul. Sometimes they can steal it.
16180f26-37de-4c12-aec4-2dcf9eed169f	Swift Response	https://warstcg.org//img/1/WARS-EN01104.jpg	normal	INTERRUPT	Incursion	4	d49b7fa3-163b-4e9c-9e32-69f47d4363d4	1U104	Gongen	INTERRUPT (Used)	1	6	1 Gongen					Target pending ship can’t move until end of turn.	The Gongen A.I. wastes little time in responding to threats to its people. Tenno assets are ever at its disposal.
8c9c73bf-250f-4fb0-aa60-e50c0a4f2129	T.S.V. Command Post	https://warstcg.org//img/1/WARS-EN01105.jpg	normal	VEHICLE	Incursion	4	d49b7fa3-163b-4e9c-9e32-69f47d4363d4	1U105	Gongen	VEHICLE • Shikami • Unit	2	1	1 Gongen		2	2	4	"Size 3, Transport 4 • Lose 3 energy ? If this vehicle is at a site, play up to four units here that each has tactics < 2. Each one costs 2 less energy to play."	Heavy shielding allows the transports and ground troops to advance safely into enemy territories.
31d1e807-fa56-4258-8241-3e9ea2dc6e56	Taihu	https://warstcg.org//img/1/WARS-EN01106.jpg	normal	WEAPON	Incursion	4	d49b7fa3-163b-4e9c-9e32-69f47d4363d4	1U106	Gongen	WEAPON (Fighter) • Ranged	0	2	1 Gongen					This fighter is defense +2. • Pay 3 energy ? Choose target ship your opponent has in a sector battle here. Damage target if its defense < [D] + the number of Gongen ships you have here.	"Called tai for short, these energy weapons fire plasma bursts at a rapid rate. In great numbers they shred metal like a meteor storm."
82fab03f-42c7-41ef-b7fa-9ae6669108ca	?Tamon	https://warstcg.org//img/1/WARS-EN01107.jpg	normal	SHIP	Incursion	4	d49b7fa3-163b-4e9c-9e32-69f47d4363d4	1R107	Gongen	SHIP (Capacity 6) • Tenno • Capital	7	2	3 Gongen		4	3	5	"Transport 4 (Each time this ship moves, you may move with it up to four of your fighters.) When this ship enters play, each player dismisses all other capitals here unless he or she dismisses a fighter here."	"“As the North wind brings the chill of war and death so Tamon will stand sentinel.” – Tenryu naming ceremony, 2382"
1d188ad1-0ec2-4322-8a50-69a3107653b8	Tamon Fighter	https://warstcg.org//img/1/WARS-EN01108.jpg	normal	SHIP	Incursion	4	d49b7fa3-163b-4e9c-9e32-69f47d4363d4	1C108	Gongen	SHIP (Capacity 1) • Tenno • Fighter	3	3	1 Gongen		2	2	4	"When this ship enters play, you may retrieve a card."	Gongen pilots train to “speak” with the onboard programming of their ships. Only when the mind and machine are one can victory be certain.
15994dbb-0bd3-49ea-af62-69b05e427b1f	?Zocho	https://warstcg.org//img/1/WARS-EN01109.jpg	normal	SHIP	Incursion	4	d49b7fa3-163b-4e9c-9e32-69f47d4363d4	1U109	Gongen	SHIP (Capacity 6) • Tenno • Capital	4	1	1 Gongen		4	3	5	"Transport 4 (Each time this ship moves, you may move with it up to four of your fighters.) This ship is power +1 for each of your other ships here."	"“...from the South tsunami and flood come to heap destruction on our shores. Zocho will stand to hold back the tides.” – Tenryu naming ceremony, 2382"
72fdaa71-df50-4f6f-b536-b133e9da8f7c	Zocho Fighter	https://warstcg.org//img/1/WARS-EN01110.jpg	normal	SHIP	Incursion	4	d49b7fa3-163b-4e9c-9e32-69f47d4363d4	1C110	Gongen	SHIP (Capacity 1) • Tenno • Fighter	1	2	2 Gongen		2	2	4	"As long as you have at least two other Gongen fighers here, this ship is power +1."	Zocho’s tactical matrix allows the fighters assigned to it to perform an elaborate and deadly dance.
1864ffcd-8f94-4bc2-b849-b2ae74ed2e5f	?Accord Negotiation	https://warstcg.org//img/1/WARS-EN01111.jpg	normal	ASSET	Incursion	4	d49b7fa3-163b-4e9c-9e32-69f47d4363d4	1R111	Maverick	ASSET (Site)	2	6	2 Maverick					"You may play this asset beneath one of your opponent’s sites. As an additional cost for a player to attack at a related location, that player loses 2 energy. When your opponent controls this site, dismiss this asset."	"If Raving Red-Jane doesn’t like the answer, she has her crew make up a new one."
b984cf68-7c72-45f3-a968-089ad4fb53aa	?Ace McCallister	https://warstcg.org//img/1/WARS-EN01112.jpg	normal	CHARACTER	Incursion	4	d49b7fa3-163b-4e9c-9e32-69f47d4363d4	1R112	Maverick	CHARACTER • Kizen • Nest • Unit	0	6	3 Maverick		1	1	5	"• Lose a card at random from your hand ? This character is immune to attrition until end of turn. • Pay 4 energy ? Until end of turn, make this character defense +2 if [D] = 1 or 2; power + 2 instead if that destiny = 3 or 4; or power +6, tactics +6, and defense +6 instead if that destiny = 5 or 6."	Ace’s actions are impossible to predict. His fate is tied to the next card in the deck.
ba0d64f7-af96-4ee0-8fca-ca5c0fd44ed6	Bean Counter	https://warstcg.org//img/1/WARS-EN01113.jpg	normal	CHARACTER	Incursion	4	d49b7fa3-163b-4e9c-9e32-69f47d4363d4	1C113	Maverick	CHARACTER • Cartel • Merchant • Unit	2	4	2 Maverick		1	2	3	"As long as there are at least eight cards in your active pile, this character is power +4."	"“326, 372, 391 – wait, are these figures from last month or this month? I’m missing at least a hundred here...”"
1e2990eb-6c42-4ef3-951e-6a8ac308b979	Boxer	https://warstcg.org//img/1/WARS-EN01114.jpg	normal	VEHICLE	Incursion	4	d49b7fa3-163b-4e9c-9e32-69f47d4363d4	1U114	Maverick	VEHICLE • Cogs • Unit	3	2	2 Maverick		4	2	6	"Size 3, Transport 2 Each time you reveal a card for battle destiny during a site battle here, you may pay 1 energy. If you do, make that card’s destiny +1. You may change no more than one card’s destiny using this ability each turn."	"Preferred by the Cogs, its DynSep hover pads are specially tuned to the harsh terrain in the Outer Rim."
bcb15b21-acef-4794-ae70-31882d0c1ea8	Cartel Legate	https://warstcg.org//img/1/WARS-EN01115.jpg	normal	CHARACTER	Incursion	4	d49b7fa3-163b-4e9c-9e32-69f47d4363d4	1R115	Maverick	CHARACTER • Cartel • Tech • Unit	3	2	2 Maverick		1	2	1	"As long as this character is at a site, each of your drains here is +1."	The Cartel’s gain is usually someone else’s loss.
1a48aa96-d47d-4ec6-9c0e-cecfe3b07a77	Chicken	https://warstcg.org//img/1/WARS-EN01116.jpg	normal	INTERRUPT	Incursion	4	d49b7fa3-163b-4e9c-9e32-69f47d4363d4	1U116	Maverick	INTERRUPT (Used)	1	5	1 Maverick					Target pending unit doesn’t add its power to a player’s total power until end of turn.	Worse than getting into a fistfight with a Quay is getting into a game of chicken with a Cog driver.
d63c067f-dfe1-4025-a8f9-b1abf1ded291	Clanton Grav Grenade	https://warstcg.org//img/1/WARS-EN01117.jpg	normal	WEAPON	Incursion	4	d49b7fa3-163b-4e9c-9e32-69f47d4363d4	1R117	Maverick	WEAPON (Character) • Explosive	1	5	1 Maverick					Dismiss this weapon ? Damage each unit in a site battle here that has defense < [D].	This is what happens when you reverse the red wire and the blue wire on a grav engine.
bc9d5b3c-15e0-48b2-867a-19cc0214aec6	Clanton Rev I Missile	https://warstcg.org//img/1/WARS-EN01118.jpg	normal	WEAPON	Incursion	4	d49b7fa3-163b-4e9c-9e32-69f47d4363d4	1U118	Maverick	WEAPON (Ship) • Ranged	0	4	1 Maverick					"• Pay 1 energy ? Choose target ship your opponent has in a sector battle here. If target’s defense < [D], damage it and retrieve a card."	"The first weapon system fully designed and built in the Rim, it uses technology scrounged from abandoned research stations."
77fae90b-487e-4571-8b33-cf2ff9f95f33	Cloud Skipper	https://warstcg.org//img/1/WARS-EN01119.jpg	normal	VEHICLE	Incursion	4	d49b7fa3-163b-4e9c-9e32-69f47d4363d4	1U119	Maverick	VEHICLE • Cogs • Unit	6	2	2 Maverick		5	4	6	"Size 3, Transport 2 Each time you win a site battle here that has exactly 7 casualties, your opponent loses three cards from his or her hand."	More than one armed force has been overcome a swarm of “skippers” slipping from the clouds.
6698e6a1-f33c-497d-8b32-06184b80cbc6	Colt-Burton MK. 412	https://warstcg.org//img/1/WARS-EN01120.jpg	normal	WEAPON	Incursion	4	d49b7fa3-163b-4e9c-9e32-69f47d4363d4	1U120	Maverick	WEAPON (Character) • Ranged	1	2	3 Maverick					"• Pay 3 energy ? Choose target unit your opponent has in a site battle here. If target’s defense < [D], destroy it and put the card you revealed for destiny on top of your reserve."	Typical high-caliber sidearm – half the Rim has a gun like this jammed in their belts.
d8c7e183-701b-40a5-887f-3fdc4eddbe88	Dubious Contact	https://warstcg.org//img/1/WARS-EN01121.jpg	normal	CHARACTER	Incursion	4	d49b7fa3-163b-4e9c-9e32-69f47d4363d4	1C121	Maverick	CHARACTER • Nest • Rogue • Unit	2	2	1 Maverick		1	1	2	"Each time one of your opponent's units enters play here, if this character is at a site, you may activate 1 energy."	"He can’t help with your problem, but he does have a friend who knows someone who can..."
352f3b0b-93f7-4bfa-97a6-b408aca335c8	Ensnared	https://warstcg.org//img/1/WARS-EN01122.jpg	normal	ASSET	Incursion	4	d49b7fa3-163b-4e9c-9e32-69f47d4363d4	1R122	Maverick	ASSET (Location)	4	1	3 Maverick					You may play this asset beneath one of your opponent’s locations. You may play this asset only beneath a location where your opponent has a ship or unit. Each of your drains here is +3.	Mavericks like to think of Earther attacks as the enemy bringing them fresh supplies.
3713e365-fe3e-45e4-a933-2ba235854219	•Faded	https://warstcg.org//img/1/WARS-EN01123.jpg	normal	INTERRUPT	Incursion	4	d49b7fa3-163b-4e9c-9e32-69f47d4363d4	1R123	Maverick	INTERRUPT (Used)	1	2	2 Maverick					"Until end of turn, make target kizen defense +2 and it can’t be targeted by your opponent."	Raving Red-Jane centered herself and concentrated. Anyone in the room who looked at her simply lost interest.
c3e62da1-932e-41fd-8e95-5898a79d3b15	Festering Cargo	https://warstcg.org//img/1/WARS-EN01124.jpg	normal	ORDER	Incursion	4	d49b7fa3-163b-4e9c-9e32-69f47d4363d4	1R124	Maverick	ORDER (Lost)	1	6	3 Maverick					"Your opponent reveals his or her hand. If any interrupts or orders are revealed, he or she loses one of them."	“I told her those mangoes would be rotten by the time we made Saturn’s rings. What a stench!”
6021af84-f727-4dae-92a8-57ead1439e2e	Fifth Ace	https://warstcg.org//img/1/WARS-EN01125.jpg	normal	INTERRUPT	Incursion	4	d49b7fa3-163b-4e9c-9e32-69f47d4363d4	1U125	Maverick	INTERRUPT (Used)	3	5	1 Maverick					Put two cards from your hand on top of your reserve in any order.	"There are always four aces in a deck, but beyond the Belt there are usually several more in the game."
4c27ffcf-2a31-4184-a6ec-a199a80c6c5b	?Flinger Battery	https://warstcg.org//img/1/WARS-EN01126.jpg	normal	VEHICLE	Incursion	4	d49b7fa3-163b-4e9c-9e32-69f47d4363d4	1U126	Maverick	VEHICLE • Cartel • Unit	6	4	2 Maverick		5	3	9	"Size 3 Each time your opponent reveals a card for battle destiny during a site battle here, you may pay 1 energy. If you do, make that card’s destiny –1. You may change no more than one card’s destiny using this ability each turn."	"Not really a missile launcher, more a bashed- together, high-tech catapult; but deadly with the velocities it can produce."
c02bebbd-1190-4959-b2eb-91bccd817954	Fuel Theft	https://warstcg.org//img/1/WARS-EN01127.jpg	normal	INTERRUPT	Incursion	4	d49b7fa3-163b-4e9c-9e32-69f47d4363d4	1C127	Maverick	INTERRUPT (Used)	1	3	1 Maverick					Your side of target location gains two energy icons until end of turn.	“Fill ‘er up – and put it on the dead pilot’s account.”
714c3cf4-5ca6-4cc7-9d7b-486c39f575d1	General Bots NAV4	https://warstcg.org//img/1/WARS-EN01128.jpg	normal	CHARACTER	Incursion	4	d49b7fa3-163b-4e9c-9e32-69f47d4363d4	1U128	Maverick	CHARACTER • Knaves • Bot • Unit	3	1	3 Maverick		1	1	3	"When this character enters play, you may draw up to [D] cards from your reserve."	Repairs. Upgrades. Reprogramming. Nothing is more reliable than a Nav4.
82978ddf-fb30-46eb-8f34-7a31e29e0947	Haggard Hulk	https://warstcg.org//img/1/WARS-EN01129.jpg	normal	SHIP	Incursion	4	d49b7fa3-163b-4e9c-9e32-69f47d4363d4	1U129	Maverick	SHIP (Capacity 2) • Cartel • Inverter • Fighter	3	1	1 Maverick		3/7	3/1	3/1	Scouting (You may play this ship at a sector that has no energy icons on your side.) Pay 3 energy ? Invert this ship.	"Unless you’re at a rally, looks don’t really matter."
8427eba4-3844-407a-8ebf-859f32b5c8eb	Harried and Harassed	https://warstcg.org//img/1/WARS-EN01130.jpg	normal	INTERRUPT	Incursion	4	d49b7fa3-163b-4e9c-9e32-69f47d4363d4	1R130	Maverick	INTERRUPT (Lost)	0	5	2 Maverick					"Until end of turn, as an additional cost for your opponent to play a unit, he or she pays 1 energy."	General Hynek once referred to a Maverick attack as “being pecked to death by pigeons.”
684ffe8f-5c12-4de5-b5de-76bd445eec05	?Hawk's Wing	https://warstcg.org//img/1/WARS-EN01131.jpg	normal	SHIP	Incursion	4	d49b7fa3-163b-4e9c-9e32-69f47d4363d4	1U131	Maverick	SHIP (Capacity 1) • Accord • Fighter	2	3	1 Maverick		2	2	4	Your opponent can't lose cards from his or her hand to a drain here.	Many “decommissioned” ships have ended up in the Outer Rim through devious means. Starhawk claimed this Type III.
e6b24b44-7b9d-4686-b618-2fff3aa9a5c9	Hellcat Aviatrix	https://warstcg.org//img/1/WARS-EN01132.jpg	normal	CHARACTER	Incursion	4	d49b7fa3-163b-4e9c-9e32-69f47d4363d4	1C132	Maverick	CHARACTER • Hellcats • Unit	2	2	2 Maverick		1	2	3	"Piloting 2 (As long as this character is aboard a ship, that ship is power +2 and tactics +2)."	"Dawn was quick to cut to the point. “Fast, slow, that’s not the issue. What you want is to get there without being seen.”"
861eeb6f-cc51-4982-ac29-04642c065caa	?Jack Wilgress	https://warstcg.org//img/1/WARS-EN01133.jpg	normal	CHARACTER	Incursion	4	d49b7fa3-163b-4e9c-9e32-69f47d4363d4	1R133	Maverick	CHARACTER • Kizen • Knaves • Unit	7	5	3 Maverick		7	7	7	"• Lose a card at random from your hand ? This character is immune to attrition until end of turn. Each time a power step ends here, if your total power is 21, destroy each of your opponent’s units here."	"Only once was Wilgress caught without his weapon. As he waited for his wounds to heal, he swore there wouldn’t be a next time."
4bd71d45-5375-4e0b-a49c-f0b07b0b3cf9	Lauded Flyer	https://warstcg.org//img/1/WARS-EN01134.jpg	normal	CHARACTER	Incursion	4	d49b7fa3-163b-4e9c-9e32-69f47d4363d4	1C134	Maverick	CHARACTER • Hellcats • Unit	3	1	2 Maverick		1	2	3	"Piloting 2 (As long as this character is aboard a ship, that ship is power +2 and tactics +2.) Each time you win a sector battle here, activate up to 3 energy."	Hellcat ships are either the fastest in the Belt or waiting for parts. It’s often the latter.
83a82407-1eb7-48c2-af19-5e887076fad5	M44 Heavy Plasma Gun	https://warstcg.org//img/1/WARS-EN01135.jpg	normal	WEAPON	Incursion	4	d49b7fa3-163b-4e9c-9e32-69f47d4363d4	1R135	Maverick	WEAPON (Character) • Ranged	1	2	3 Maverick					• Pay 1 energy ? Choose target unit your opponent has in a site battle here. Damage target if its defense < [D]. • Pay 3 energy ? Choose target damaged unit your opponent has in a site battle here. Destroy target if its defense < [D].	A CGC weapon designed in 2248. Thousands were surplussed and found their way to the Rim when Earther grunts were outfitted with F.L.I.C.s.
b4aa1f48-1f2b-49fd-8c55-5e945a2166ea	Mechanic's Grip	https://warstcg.org//img/1/WARS-EN01136.jpg	normal	ORDER	Incursion	4	d49b7fa3-163b-4e9c-9e32-69f47d4363d4	1R136	Maverick	ORDER (Used)	1	5	1 Maverick					"Reveal the bottom card of your reserve, note its destiny, and put it on top of your used pile. If its destiny = [D], you may play a card. If you do, that card costs 6 less energy to play."	It’s not cheating if it holds together.
9b544397-3be5-4c02-bd1b-9c2a84484881	Mercurial	https://warstcg.org//img/1/WARS-EN01137.jpg	normal	ASSET	Incursion	4	d49b7fa3-163b-4e9c-9e32-69f47d4363d4	1R137	Maverick	ASSET (Kizen)	2	2	2 Maverick					You can’t play more than one of this asset beneath the same kizen. • Pay 4 energy ? Put target unit you have here on top of its owner’s reserve.	"A kizen in motion begs the question, are they that fast or is everyone else that slow?"
40bd1c23-8b2f-4097-8af0-530ad82eb5e7	?Misty Miller	https://warstcg.org//img/1/WARS-EN01138.jpg	normal	CHARACTER	Incursion	4	d49b7fa3-163b-4e9c-9e32-69f47d4363d4	1U138	Maverick	CHARACTER • Nest • Rogue • Unit	1	6	2 Maverick		2	1	4	"• Pay 4 energy ? If this character is at a site, cancel target pending attack that is targeting this site unless your opponent pays 3 energy."	"Blotches of color appeared on her skin, blending into the hues of the walls around her until it took an effort for him to focus on her shape."
87806c91-c82a-41e8-8a83-3c5d1edaa5c1	Modded Type IV	https://warstcg.org//img/1/WARS-EN01139.jpg	normal	SHIP	Incursion	4	d49b7fa3-163b-4e9c-9e32-69f47d4363d4	1C139	Maverick	SHIP (Capacity 1) • Knaves • Fighter	4	4	1 Maverick		3	1	5	"Each time you would reveal a card for battle destiny during a battle here, you may reveal the bottom card of your reserve and use its destiny instead. If you do, put that card on top of your used pile."	"The last thing an Earther pilot wants to see is a Mav hotshot flying the same hardware. Or worse, one with some Outer Rim “improvements.”"
38677176-aeb1-4e42-9a22-d23bc6d0e4f7	Modular Transport	https://warstcg.org//img/1/WARS-EN01140.jpg	normal	SHIP	Incursion	4	d49b7fa3-163b-4e9c-9e32-69f47d4363d4	1R140	Maverick	SHIP (Capacity 2) • Hellcats • Inverter • Fighter	0	1	2 Maverick		1/4	4/1	1/4	"Pay 6 energy ? Invert this ship. / Each time you attack here, if you have another inverted ship here, activate up to 3 energy."	Mavericks use cable ties and engineer’s tape the way Earther technicians use bonders and rivets.
077e3752-d573-4cec-8757-33385fe83426	Nimble Jockey	https://warstcg.org//img/1/WARS-EN01141.jpg	normal	CHARACTER	Incursion	4	d49b7fa3-163b-4e9c-9e32-69f47d4363d4	1C141	Maverick	CHARACTER • Hellcats • Unit	3	3	2 Maverick		2	2	3	"Piloting 2 (As long as this character is aboard a ship, that ship is power +2 and tactics +2.) • Pay 4 energy ? Make a ship this character is aboard power+[D] until end of turn."	“What idiot fitted a plasma accelerator in front of the filter? Wait... that was me.”
3188c62f-6a56-43c8-93c4-3d42805c0aab	Ore Hound	https://warstcg.org//img/1/WARS-EN01142.jpg	normal	CHARACTER	Incursion	4	d49b7fa3-163b-4e9c-9e32-69f47d4363d4	1C142	Maverick	CHARACTER • Cartel • Tech • Unit	3	2	1 Maverick		1	1	3	"As long as this character is at a site, your side of that side gains an energy icon."	"Before he’d even closed the analyzer door, the sample’s density told him it was platinum ore – or better."
383bb8cb-b329-489f-aa23-9dc31d102f49	Outmaneuvered	https://warstcg.org//img/1/WARS-EN01143.jpg	normal	INTERRUPT	Incursion	4	d49b7fa3-163b-4e9c-9e32-69f47d4363d4	1C143	Maverick	INTERRUPT (Used)	1	4	2 Maverick					Cancel target pending interrupt or pending order unless your opponent pays 1 energy.	Hellcats overcome a lack of resources with ingenuity and temerity.
6f0a2362-2f0d-49cb-b2be-df8c2a4c7f03	Plundering Bandit	https://warstcg.org//img/1/WARS-EN01144.jpg	normal	SHIP	Incursion	4	d49b7fa3-163b-4e9c-9e32-69f47d4363d4	1C144	Maverick	SHIP (Capacity 2) • Knaves • Inverter • Fighter	2	6	1 Maverick		0/4	1/1	4/4	"At the end of each battle you've won here, you may pay 1 energy. If you do, invert this ship."	One reason Mav pilots are always tinkering with their ships is to make sure they’re faster than local law enforcement.
804093ae-07c4-44c4-a9b8-716f185f56a6	Price of the Game	https://warstcg.org//img/1/WARS-EN01145.jpg	normal	ASSET	Incursion	4	d49b7fa3-163b-4e9c-9e32-69f47d4363d4	1U145	Maverick	ASSET	1	5	1 Maverick					"Each time a card is revealed for battle destiny, you may lose 1 energy. If you do, make that card’s destiny +1 or –1. You may change no more than one card’s destiny using this ability each turn."	“Sometimes you have to ante up.”
5046b7d0-06d3-45bd-84dc-f1ac67149f1d	Racing Sloop	https://warstcg.org//img/1/WARS-EN01146.jpg	normal	SHIP	Incursion	4	d49b7fa3-163b-4e9c-9e32-69f47d4363d4	1C146	Maverick	SHIP (Capacity 2) • Hellcats • Inverter • Fighter	0	5	1 Maverick		0/4	1/1	2/2	"Each time you reveal a card for battle destiny that has destiny 6 or more, you may pay 3 energy. If you do, invert this ship. / When you invert this ship, you may destroy target other fighter here."	"Every year, the Dead Planet Chase is held on a weaving, chaotic course created in the Belt. Hellcats have dominated the last eight."
40ea84d8-81cb-46a6-a143-b6d8917792ea	Raider	https://warstcg.org//img/1/WARS-EN01147.jpg	normal	SHIP	Incursion	4	d49b7fa3-163b-4e9c-9e32-69f47d4363d4	1U147	Maverick	SHIP (Capacity 4) • Knaves • Capital	7	2	1 Maverick		5	2	8	"When this ship enters play, you may activate 1 energy for each of your opponent's ships here."	The trick to piracy is finding the victims in the first place – but some savvy privateers make it a prosperous living.
0ac47d1c-56c0-481c-87cf-4e3ef97db111	Razorjack	https://warstcg.org//img/1/WARS-EN01148.jpg	normal	SHIP	Incursion	4	d49b7fa3-163b-4e9c-9e32-69f47d4363d4	1C148	Maverick	SHIP (Capacity 2) • Knaves • Inverter • Fighter	0	4	1 Maverick		0/5	1/1	3/2	"Each time you reveal a card for battle destiny that has destiny 6 or more, you may pay 3 energy. If you do, invert this ship."	Heavily armed and very fast. One of them won “Best-Looking” at the 2389 Vesta Singleship Rally.
6a8e32cf-2df4-48f6-bf0f-642b37d241aa	Reload	https://warstcg.org//img/1/WARS-EN01149.jpg	normal	INTERRUPT	Incursion	4	d49b7fa3-163b-4e9c-9e32-69f47d4363d4	1U149	Maverick	INTERRUPT (Used)	1	5	1 Maverick					Put a card from your hand on the bottom of your reserve.	“Deadeye” LeGresse slammed another clip into the base of her weapon. This afternoon was not going as she had planned.
5508eb54-08a8-4d74-8708-a208e469a36c	Set	https://warstcg.org//img/1/WARS-EN01150.jpg	normal	ASSET	Incursion	4	d49b7fa3-163b-4e9c-9e32-69f47d4363d4	1R150	Maverick	ASSET	2	1	2 Maverick					"Pay 0 energy ? If there are five or fewer cards stacked on this asset, stack the top card of your reserve face up on this asset. • Lose three cards stacked on this asset ? If those cards each have the same destiny, damage target unit in a battle."	"Under the table, Scoundrel’s foot twitched nervously. Would his three of a kind play?"
dade19e3-1903-417d-af2a-441ddc6f8972	•Simple Wager	https://warstcg.org//img/1/WARS-EN01151.jpg	normal	ORDER	Incursion	4	d49b7fa3-163b-4e9c-9e32-69f47d4363d4	1R151	Maverick	ORDER (Used)	0	6	2 Maverick					"Name a number. Then reveal the top two cards of your opponent’s reserve, note their total destiny, and return them in any order. If your number equals that total destiny, until the end of your deploy phase, you may perform movements as if it were your move phase."	Not everyone gambles for money.
ef23254f-a9da-41f9-b55b-3f0483ee10c0	Slider	https://warstcg.org//img/1/WARS-EN01152.jpg	normal	VEHICLE	Incursion	4	d49b7fa3-163b-4e9c-9e32-69f47d4363d4	1R152	Maverick	VEHICLE • Accord • Unit	5	2	2 Maverick		4	2	6	"Size 2, Transport 2 Each time a site battle ends here, if your battle destiny at the end of the power step was exactly 11, your opponent loses all cards from his or her hand."	"Defeating an enemy isn’t enough. When resources are low, you’ve also got to be able to bring home the spoils."
b4118616-33db-4002-9e8d-38457a0e9ec1	Spassky Quickfire II	https://warstcg.org//img/1/WARS-EN01153.jpg	normal	WEAPON	Incursion	4	d49b7fa3-163b-4e9c-9e32-69f47d4363d4	1C153	Maverick	WEAPON (Character) • Ranged	0	5	1 Maverick					• Pay 1 energy ? Choose target unit your opponent has in a site battle here. Damage target if its defense < [D] + 1.	"A few Mavericks have modified these for autofire –deadly, but runs through charges like you wouldn’t believe."
1161ee27-4b5a-45d0-8561-e7c91d477c54	Sprinkle's Deal	https://warstcg.org//img/1/WARS-EN01154.jpg	normal	INTERRUPT	Incursion	4	d49b7fa3-163b-4e9c-9e32-69f47d4363d4	1R154	Maverick	INTERRUPT (Lost)	3	3	2 Maverick					Draw [D] cards from your reserve.	Sprinkle took the package from the merchant’s wrinkled hand and grinned. “Let’s make this one a little more interesting.”
193476ba-9fa2-4a5e-a716-1254f3b591a2	?Starhawk	https://warstcg.org//img/1/WARS-EN01155.jpg	normal	CHARACTER	Incursion	4	d49b7fa3-163b-4e9c-9e32-69f47d4363d4	1U155	Maverick	CHARACTER • Accord • Rogue • Unit	4	3	2 Maverick		4	3	5	"Each time a card is revealed for battle destiny during a site battle here, you may pay 3 energy. If you do, make that card's destiny +2. You may change no more than one card's destiny using this ability each turn."	Mavericks like Nick “Starhawk” Murrin are known for their dexterity in the changing gravities of life in the Outer Rim. It’s both practical and advantageous.
4cb90eaf-ce3f-4138-866f-f3a9a7c666cf	Stinger	https://warstcg.org//img/1/WARS-EN01156.jpg	normal	VEHICLE	Incursion	4	d49b7fa3-163b-4e9c-9e32-69f47d4363d4	1C156	Maverick	VEHICLE • Hellcats • Unit	4	3	1 Maverick		3	2	5	"Size 3 (This vehicle counts three times against a ship’s capacity.) Transport 2 (Each time this vehicle moves, you may move with it up to two of your characters.)"	Pieces of so many different vehicles have been grafted to this one that no one remembers what it looked like in the beginning.
422b933c-3f02-499a-bb74-c2b3219634c1	Sultry Opportunist	https://warstcg.org//img/1/WARS-EN01157.jpg	normal	CHARACTER	Incursion	4	d49b7fa3-163b-4e9c-9e32-69f47d4363d4	1U157	Maverick	CHARACTER • Nest • Rogue • Unit	1	3	1 Maverick		1	1	4	"At the start of each of your control phases, you may pay 2 energy. If you do, and [D] > opponent's [D], retrieve a card."	Nicky Strahl laughed and shouted for another drink. “Hand over those dice. We’re gonna let it ride.”
e315d67b-e0bb-4920-8c1f-28da1ab9fdd4	?The Gambler	https://warstcg.org//img/1/WARS-EN01158.jpg	normal	CHARACTER	Incursion	4	d49b7fa3-163b-4e9c-9e32-69f47d4363d4	1R158	Maverick	CHARACTER • Kizen • Cartel • Unit	3	5	3 Maverick		3	5	6	• Lose a card at random from your hand ? This character is immune to attrition until end of turn. • Pay 2 energy ? Put a card from your hand on top of your reserve.	"“There isn’t any ‘luck’ involved, boy. I thought you would have worked that out yourself.”"
99456a8b-8d3b-4891-a61f-5b8aa982948e	Top Pair	https://warstcg.org//img/1/WARS-EN01159.jpg	normal	ASSET	Incursion	4	d49b7fa3-163b-4e9c-9e32-69f47d4363d4	1R159	Maverick	ASSET	1	2	2 Maverick					"Pay 0 energy ? If there are five or fewer cards stacked on this asset, stack the top card of your reserve face up on this asset. • Put two cards stacked on this asset in your lost pile ? If those cards each have the same destiny, your opponent can’t reveal any cards for battle destiny until end of turn."	The vast territory of the Rim conceals many strange secrets. The Gambler makes it his business to uncover them and make them his own.
e41565b3-aa05-4c8a-853e-e880b8fa7078	Traginium Heist	https://warstcg.org//img/1/WARS-EN01160.jpg	normal	INTERRUPT	Incursion	4	d49b7fa3-163b-4e9c-9e32-69f47d4363d4	1C160	Maverick	INTERRUPT (Used)	1	6	1 Maverick					"You may only play this interrupt if you’ve won a battle this turn. Your opponent reveals two cards from his or her hand, then puts them on top of his or her reserve pile in any order."	"If the Mavs can’t win it in battle on Ganymede, they can jack it from a transport near Io."
c6a7a640-f488-4027-b76c-454abd2e4a63	Trumped	https://warstcg.org//img/1/WARS-EN01161.jpg	normal	INTERRUPT	Incursion	4	d49b7fa3-163b-4e9c-9e32-69f47d4363d4	1U161	Maverick	INTERRUPT (Lost)	0	5	2 Maverick					You can’t play this interrupt unless you have a kizen at a location. Cancel target pending interrupt or pending order.	Jessup realized too late the folly of trying to double-cross the Gambler’s Cartel.
7264dd25-e675-47d5-bf46-0e90c6b21b77	"?""Two-Way"" Berson"	https://warstcg.org//img/1/WARS-EN01162.jpg	normal	CHARACTER	Incursion	4	d49b7fa3-163b-4e9c-9e32-69f47d4363d4	1R162	Maverick	CHARACTER • Cartel • Tech • Unit	4	2	2 Maverick		2	2	2	"Each time you drain here, you may drain using energy icons on your side of the location instead of your opponent's side."	Conjoined twins? Body modification? The way one head laughs at you tells you you’re not going to ask.
899e67cc-549d-41f6-a05b-17ccf3bb244c	Up the Sleeve	https://warstcg.org//img/1/WARS-EN01163.jpg	normal	INTERRUPT	Incursion	4	d49b7fa3-163b-4e9c-9e32-69f47d4363d4	1U163	Maverick	INTERRUPT (Used)	0	3	2 Maverick					"You may play this interrupt only during a battle, before the battle destiny step. Reveal a card from your hand and put that card on top of your reserve."	Loose clothing can hide more than just cards. “Dressed to kill” has a whole new meaning when all the players dress that way.
3ed9ca5f-b142-4539-a206-99f5cb405b14	?UV-IR739	https://warstcg.org//img/1/WARS-EN01164.jpg	normal	CHARACTER	Incursion	4	d49b7fa3-163b-4e9c-9e32-69f47d4363d4	1R164	Maverick	CHARACTER • Cartel • Bot • Unit	2	2	1 Maverick		0	3	2	"As long as this character is at a site, your opponent's total power at each related location is -4."	"Though designed for heavy lifting, porters like 739 can easily be refitted for less peaceful uses. Bots in the Outer Rim serve many functions."
b9c72827-d9fd-455d-b212-fa498e4479ea	Vulture	https://warstcg.org//img/1/WARS-EN01165.jpg	normal	SHIP	Incursion	4	d49b7fa3-163b-4e9c-9e32-69f47d4363d4	1C165	Maverick	SHIP (Capacity 2) • Accord • Inverter • Fighter	2	2	1 Maverick		2/4	2/2	4/2	Scouting (You may play this ship at a sector that has no energy icons on your side.) Pay 2 energy ? Invert this ship.	"“Hold real still, little ship,” she muttered as she worked the grapple. “Hope you signed your donor card...”"
60b41283-7722-4133-bc79-654b741785ff	Anant Aeronaut	https://warstcg.org//img/1/WARS-EN01166.jpg	normal	CHARACTER	Incursion	4	d49b7fa3-163b-4e9c-9e32-69f47d4363d4	1C166	Shi	CHARACTER • Crown • Anant • Unit	4	4	2 Shi		1	2	3	"Piloting 3 (As long as this character is aboard a ship, that ship is power +3 and tactics +3.) • Pay 2 energy ? If this character is aboard a ship that has a weapon beneath it, damage target ship in a battle here."	Anant pilots are known for their bravery – and for taking risks. They are the most decorated pilots among the Shi.
e7097991-0fc1-4094-be75-3fe1302b8f8d	Anant Attendant	https://warstcg.org//img/1/WARS-EN01167.jpg	normal	CHARACTER	Incursion	4	d49b7fa3-163b-4e9c-9e32-69f47d4363d4	1C167	Shi	CHARACTER • Anant • Tech • Unit	2	1	2 Shi		1	2	1	"As long as this character is at a site and damaged, each of your units here is immune to attrition."	Shi are resolute in duty.
c4e5d151-4bc2-40d7-a7d8-15f21b8f3e84	Assailing Vatarma	https://warstcg.org//img/1/WARS-EN01168.jpg	normal	WEAPON	Incursion	4	d49b7fa3-163b-4e9c-9e32-69f47d4363d4	1C168	Shi	WEAPON (Character) • Melee • Ranged	0	6	1 Shi					"• Put a card from your hand on top of your used pile ? Your opponent chooses one of his or her units in a site battle here and damages it, unless he or she puts two cards from his or her hand on top of his or her used pile in any order."	Seyalshi duels are expected to be bloody. They wouldn’t be entertaining otherwise.
89510af9-673e-4403-acb5-18cd501ac641	Brief Encounter	https://warstcg.org//img/1/WARS-EN01169.jpg	normal	INTERRUPT	Incursion	4	d49b7fa3-163b-4e9c-9e32-69f47d4363d4	1U169	Shi	INTERRUPT (Used)	0	5	1 Shi					Target pending ship doesn’t add its power to a player’s total power until end of turn.	A single quarrel can hold a squadron at bay.
8905a05e-2a75-47e4-84df-465117d56a08	Celebrated	https://warstcg.org//img/1/WARS-EN01170.jpg	normal	ASSET	Incursion	4	d49b7fa3-163b-4e9c-9e32-69f47d4363d4	1R170	Shi	ASSET (Kizen)	0	4	2 Shi					"You can’t play more than one of this asset beneath the same kizen. As long as you’ve won a battle since this asset entered play, this kizen is power +6."	Kizen are revered within the Shi culture. They have proven worthy of such high praise.
30ba9ade-d6c7-46b2-9d12-411ee4e7671a	Cerebral Incursion	https://warstcg.org//img/1/WARS-EN01171.jpg	normal	ASSET	Incursion	4	d49b7fa3-163b-4e9c-9e32-69f47d4363d4	1R171	Shi	ASSET (Kizen)	0	6	2 Shi					Your opponent has total tactics –4 here unless he or she has a kizen here.	“Why conquer the physical when you can conquer the mental?” – Seyalshi proverb
1936dbc4-6c3e-48fa-ab5e-1e8d8e5a6d67	Clone Reserves	https://warstcg.org//img/1/WARS-EN01172.jpg	normal	INTERRUPT	Incursion	4	d49b7fa3-163b-4e9c-9e32-69f47d4363d4	1U172	Shi	INTERRUPT (Lost)	1	1	1 Shi					Choose three cards at random from your lost pile. Then choose one of those three to put in your hand.	Shi lifespans would be significantly shorter without the help of panacea technicians.
121a35c1-011e-4521-a22c-93cffdd13ccf	Close Call	https://warstcg.org//img/1/WARS-EN01173.jpg	normal	INTERRUPT	Incursion	4	d49b7fa3-163b-4e9c-9e32-69f47d4363d4	1C173	Shi	INTERRUPT (Lost)	0	5	1 Shi					You may play this interrupt only during your move phase. Put your target ship or unit in its owner’s hand.	"When initiative is lost, Shi pilots have the instincts to choose to live to fight again."
99f41848-e810-4185-bb56-47c0f8877728	Controlling	https://warstcg.org//img/1/WARS-EN01174.jpg	normal	ASSET	Incursion	4	d49b7fa3-163b-4e9c-9e32-69f47d4363d4	1R174	Shi	ASSET	0	6	3 Shi					"As long as you have a ship at a sector and a unit at a site, each player can drain at no more than two locations during each of his or her turns."	"“When dealing with the Shi, what’s yours is theirs and what is theirs.” – Starhawk"
f3e82db5-1019-4f71-9c59-638c01e83ab4	Damir Aeronaut	https://warstcg.org//img/1/WARS-EN01175.jpg	normal	CHARACTER	Incursion	4	d49b7fa3-163b-4e9c-9e32-69f47d4363d4	1U175	Shi	CHARACTER • Crown • Damir • Unit	2	4	2 Shi		1	2	1	"Piloting 2 (As long as this character is aboard a ship, that ship is power +2 and tactics +2.) • Lose 1 energy ? If this character is aboard a ship that has a weapon beneath it, until end of turn, make that ship and each character aboard it immune to attrition. Also, make that ship power +4."	"It is predetermined that if a Shi is to be a pilot, it will learn to interpret navigational charts before it learns to communicate."
6ad0d58c-6f0c-43ba-a0b7-c54404e21281	Damir Quarrel	https://warstcg.org//img/1/WARS-EN01176.jpg	normal	SHIP	Incursion	4	d49b7fa3-163b-4e9c-9e32-69f47d4363d4	1U176	Shi	SHIP (Capacity 1) • Damir • Fighter	3	4	1 Shi		3	1	6	• Pay 3 energy ? Choose target fighter in a battle here. Damage target if its power + defense + opponent's [D] < this ship's power + defense + [D].	A quarrel’s biggest asset in combat is its firepower.
bcaa7676-eb6d-4826-a601-621c8a25e4ea	Daunting Vatarma	https://warstcg.org//img/1/WARS-EN01177.jpg	normal	WEAPON	Incursion	4	d49b7fa3-163b-4e9c-9e32-69f47d4363d4	1U177	Shi	WEAPON (Character) • Melee • Ranged	2	1	2 Shi					• Reveal two cards from your hand that have matching destinies and put them on top of your used pile in any order ? Choose target unit your opponent has in a site battle here. Destroy it unless your opponent reveals two cards that have matching destinies from his or her hand and puts them on top of his or her used pile in any order.	The Seyalshi are not hesitant to show the true power of their staffs to their enemies.
64e1d1c0-ef23-4b10-b242-687f8312c4dd	?Devanar-Damir	https://warstcg.org//img/1/WARS-EN01178.jpg	normal	CHARACTER	Incursion	4	d49b7fa3-163b-4e9c-9e32-69f47d4363d4	1U178	Shi	CHARACTER • Crown • Damir • Unit	4	1	2 Shi		4	3	5	"At the end of each of your opponent's battle phases, if your opponent has a unit or ship here and didn't attack here, he or she loses 1 energy."	Devanar’s interrogation skills are well known to the Quay.
b1a1f5f9-e8d4-4156-b1d3-779e09b377d3	Duress Vatarma	https://warstcg.org//img/1/WARS-EN01179.jpg	normal	WEAPON	Incursion	4	d49b7fa3-163b-4e9c-9e32-69f47d4363d4	1U179	Shi	WEAPON (Character) • Melee • Ranged	1	1	1 Shi					"• Pay 1 energy ? Damage target unit your opponent has in a site battle here that has defense < this character’s tactics, unless your opponent reveals a card from his or her hand that has destiny > 3 and puts it on top of his or her used pile."	A single burst from a vatarma will incapacitate most known creatures.
aaf3184b-0234-43e8-b08e-3fab81645b34	Easy Prey	https://warstcg.org//img/1/WARS-EN01180.jpg	normal	INTERRUPT	Incursion	4	d49b7fa3-163b-4e9c-9e32-69f47d4363d4	1U180	Shi	INTERRUPT (Lost)	0	6	1 Shi					"Choose target character in a site battle where you have a character that has a weapon beneath it. Until end of turn, make target power –3 and defense –3, and its tactics aren’t added to a player’s total tactics during a battle."	"Compared to dueling a fellow Shi, most human opponents offer little challenge."
c7f579df-29af-48a9-9b42-82cfca785255	Energy Conduit	https://warstcg.org//img/1/WARS-EN01181.jpg	normal	INTERRUPT	Incursion	4	d49b7fa3-163b-4e9c-9e32-69f47d4363d4	1R181	Shi	INTERRUPT (Lost)	0	6	3 Shi					"Until end of turn, as an additional cost for your opponent to draw a card during the draw phase, he or she pays 1 energy."	“They seem to have a device on the back of their boats that scrambles our transmissions.” – iCom After Action Report
12eb7a3d-ba26-4ca9-8741-46039190fa21	Fallen Ally	https://warstcg.org//img/1/WARS-EN01182.jpg	normal	INTERRUPT	Incursion	4	d49b7fa3-163b-4e9c-9e32-69f47d4363d4	1R182	Shi	INTERRUPT (Used)	1	5	1 Shi					"You may play this interrupt only during a battle, after the loss step. Put target damaged character you have in that battle on top of its owner’s used pile."	Panacea technology awaits to heal the scars of battle.
3279834a-7720-42f7-b1a9-065124d9cddf	For the Glory of Seyal	https://warstcg.org//img/1/WARS-EN01183.jpg	normal	ASSET	Incursion	4	d49b7fa3-163b-4e9c-9e32-69f47d4363d4	1R183	Shi	ASSET (Site)	2	4	1 Shi					"You may play this asset beneath one of your opponent’s sites. Your opponent can’t drain at an adjacent site. When your opponent controls this site, dismiss this asset."	"The Shi claim anything they see fit, whether its owner puts up a fight or not."
2b61eb34-44e0-4fc0-b583-aaedf7e3d57c	?Hailesh-Damir	https://warstcg.org//img/1/WARS-EN01184.jpg	normal	CHARACTER	Incursion	4	d49b7fa3-163b-4e9c-9e32-69f47d4363d4	1R184	Shi	CHARACTER • Kizen • Crown • Damir • Unit	3	3	1 Shi		2	4	3	"As long as this character is at a site and has a weapon beneath it, your opponent causes attrition -3 here."	Hailesh has competed in numerous ceremonial duels. Its skill with the vatarma has been honored by the Seyalshi.
2d4adf95-60b2-4ecf-9dc8-cee101b6aaae	Incapacitated	https://warstcg.org//img/1/WARS-EN01185.jpg	normal	ASSET	Incursion	4	d49b7fa3-163b-4e9c-9e32-69f47d4363d4	1U185	Shi	ASSET (Character)	1	5	1 Shi					"You may play this asset beneath one of your opponent’s characters. This character is power –1, tactics –1, and defense –1."	“The only good Quay is a captive Quay.”– Purana
ef1a3d0a-eb37-497e-b84b-4d0abdeb4b66	Indiscriminate Strike	https://warstcg.org//img/1/WARS-EN01186.jpg	normal	ASSET	Incursion	4	d49b7fa3-163b-4e9c-9e32-69f47d4363d4	1R186	Shi	ASSET (Kizen)	0	6	2 Shi					"You can’t play more than one of this asset beneath the same kizen. This kizen is power +2. Each time a unit is targeted by an activated ability of a weapon beneath this kizen, make that unit power –3 and defense –3 until end of turn."	Target discretion is not a skill prized by the Shi.
f83a7ff4-4d53-4c92-9a4b-4f9fb621557f	•Introversion	https://warstcg.org//img/1/WARS-EN01187.jpg	normal	INTERRUPT	Incursion	4	d49b7fa3-163b-4e9c-9e32-69f47d4363d4	1R187	Shi	INTERRUPT (Used)	0	5	2 Shi					You may play this interrupt only during a site battle where you have a kizen and no other units. Make your battle destiny in that battle +[D].	Shi duels prepare the Crown class for solo combat.
b8691700-1504-4d49-aeb9-ed20d47b2780	?Irama-Vishal	https://warstcg.org//img/1/WARS-EN01188.jpg	normal	CHARACTER	Incursion	4	d49b7fa3-163b-4e9c-9e32-69f47d4363d4	1C188	Shi	CHARACTER • Kizen • Crown • Vishal • Unit	5	1	2 Shi		3	3	7	"As long as this character is at a location where you have no support icons, this character is immune to attrition."	"An experienced explorer, Irama is confident enough to investigate other cultures in their own environments."
c051a578-b54f-4f7e-8e57-f036273c68ce	Kizen Sentinel	https://warstcg.org//img/1/WARS-EN01189.jpg	normal	CHARACTER	Incursion	4	d49b7fa3-163b-4e9c-9e32-69f47d4363d4	1C189	Shi	CHARACTER • Kizen • Tilak • Warrior • Unit	2	2	1 Shi		2	2	2	"As long as you have another kizen here, this character is power +2."	Travellers among the Tilak family are often tasked with guarding the most sacred Shi locations.
593c43d7-f66e-43d9-855a-5502c04c0e29	Martial Interrogation	https://warstcg.org//img/1/WARS-EN01190.jpg	normal	INTERRUPT	Incursion	4	d49b7fa3-163b-4e9c-9e32-69f47d4363d4	1C190	Shi	INTERRUPT (Used)	2	2	1 Shi					"Put target pending ship or pending unit in its owner’s hand, unless its owner pays 2 energy."	"When the Shi do take prisoners, they gather intelligence to undermine their enemy’s infrastructure."
7f28b3c3-295f-419b-a196-c622e8857d72	Metamorphose	https://warstcg.org//img/1/WARS-EN01191.jpg	normal	ASSET	Incursion	4	d49b7fa3-163b-4e9c-9e32-69f47d4363d4	1C191	Shi	ASSET (Character)	3	1	2 Shi					"This character is tactics +2, a kizen, and immune to attrition."	"When it is time, the chosen ones will bask in the glow of the rift."
8d7c9cdb-3962-49a6-83c7-75b1973f8520	Ominous Presence	https://warstcg.org//img/1/WARS-EN01192.jpg	normal	ASSET	Incursion	4	d49b7fa3-163b-4e9c-9e32-69f47d4363d4	1R192	Shi	ASSET (Kizen)	0	3	2 Shi					You can’t play more than one of this asset beneath the same kizen. This kizen is tactics +1. Pay 2 energy ? Take target asset here from beneath one card and give it to target other eligible card.	The Shi communicate telepathically. Only a focused mind can withstand their will.
a84727ae-dc60-4b09-b5ad-b0590964332c	Ordnance Master	https://warstcg.org//img/1/WARS-EN01193.jpg	normal	CHARACTER	Incursion	4	d49b7fa3-163b-4e9c-9e32-69f47d4363d4	1C193	Shi	CHARACTER • Sudeva • Warrior • Unit	1	6	1 Shi		1	1	1	"• Lose 3 energy ? If this character has a weapon beneath it, until end of turn, make this character power +3, tactics +3, defense +3 and immune to attrition."	"Seyalshi hand-to-hand combat weaponry is unmatched, at least on this side of the rift."
1c172776-bb24-4684-bf02-0a21333d04b8	Panacea Provider	https://warstcg.org//img/1/WARS-EN01194.jpg	normal	CHARACTER	Incursion	4	d49b7fa3-163b-4e9c-9e32-69f47d4363d4	1C194	Shi	CHARACTER • Crown • Tilak • Tech • Unit	3	4	1 Shi		1	1	3	"As long as this character is at a site, your opponent causes attrition -1 here for each [Shi] support icon on a related location."	Shi medical technology is far superior to that of their adversaries. It is this which perpetuates the rumors of immortality.
5cd6922d-abdc-4205-b122-6a58cea5fafc	Premeditated Reaction	https://warstcg.org//img/1/WARS-EN01195.jpg	normal	ASSET	Incursion	4	d49b7fa3-163b-4e9c-9e32-69f47d4363d4	1R195	Shi	ASSET (Kizen)	0	2	2 Shi					"You can’t play more than one of this asset beneath the same kizen. This kizen is defense +1. Pay 2 energy and dismiss this asset ? Until end of turn, each time you lose a battle here, your casualties are reduced to 0."	Kizen have refined their senses to a point where they can predict the actions of their enemies.
4920dd86-3248-40d4-b5d4-3e076c0403a5	?Purana-Vishal	https://warstcg.org//img/1/WARS-EN01196.jpg	normal	CHARACTER	Incursion	4	d49b7fa3-163b-4e9c-9e32-69f47d4363d4	1R196	Shi	CHARACTER • Kizen • Crown • Vishal • Unit	3	6	3 Shi		4	3	5	• Dismiss one of your other units here ? This character is immune to attrition until end of turn. Dismiss two of your other characters here ? Damage target character in a site battle here.	The Vishal family has provided military expertisefor millennia. They are elite warriors among the Seyalshi.
0f0f0e13-59af-4bec-ae3e-91d5017dbe32	Pursuit Just Behind	https://warstcg.org//img/1/WARS-EN01197.jpg	normal	ORDER	Incursion	4	d49b7fa3-163b-4e9c-9e32-69f47d4363d4	1U197	Shi	ORDER (Lost)	0	6	1 Shi					Destroy target infiltrator your opponent has at a sector. Then your opponent loses 3 energy.	It’s almost as if the Shi can see their opponent’s thoughts.
f58bff6b-0dda-4b85-8bd0-8b50ed72f0ae	Quarrel Energy Burst	https://warstcg.org//img/1/WARS-EN01198.jpg	normal	WEAPON	Incursion	4	d49b7fa3-163b-4e9c-9e32-69f47d4363d4	1U198	Shi	WEAPON (Fighter) • Ranged	2	1	2 Shi					"• Reveal a ship from your hand and put it on top of your used pile ? Your opponent chooses one of his or her ships in a sector battle here and destroys it, unless he or she reveals a ship from his or her hand and puts it on top of his or her used pile."	Type IV armor specs predate the arrival of the Shi. Quarrels exploit this in battle.
9def2125-6452-49f8-9d63-000b2c3f468f	Reconnoiterer	https://warstcg.org//img/1/WARS-EN01199.jpg	normal	CHARACTER	Incursion	4	d49b7fa3-163b-4e9c-9e32-69f47d4363d4	1R199	Shi	CHARACTER • Kizen • Sudeva • Warrior • Unit	3	1	2 Shi		3	3	4	"Scouting (You may play this character at a site that has no energy icons on your side.) Each time your opponent drains at an adjacent site, you may put this character on top of its owner’s used pile. If you do, cancel that drain."	"Through the advancement of their rift technology, the Seyalshi are able to refine their reconnaissance skills."
1e9fcb03-a4c2-482c-a92b-d06b6eead5da	Reliable Quarrel	https://warstcg.org//img/1/WARS-EN01200.jpg	normal	SHIP	Incursion	4	d49b7fa3-163b-4e9c-9e32-69f47d4363d4	1R200	Shi	SHIP (Capacity 1) • Sudeva • Fighter	3	3	1 Shi		3	1	6	You may play this ship at no energy cost at a sector where you have no ships. This ship can’t move if it entered play this turn.	"Having journeyed to the farthest reaches of the universe, the Shi have no qualms about traveling so close to the rift."
2196da8f-a14d-4c4b-a568-36350e645d2e	Ripping Beam	https://warstcg.org//img/1/WARS-EN01201.jpg	normal	INTERRUPT	Incursion	4	d49b7fa3-163b-4e9c-9e32-69f47d4363d4	1R201	Shi	INTERRUPT (Lost)	2	1	3 Shi					"You may play this interrupt only during your move phase. As an additional cost to play this interrupt, lose 4 energy. Destroy target ship at a sector where you have a ship that has a weapon beneath it."	No starship is able to withstand the intensity of a blast from two quarrels.
d6d27a2c-7199-44d8-a0ea-6e0fb16d8612	Selfless Protector	https://warstcg.org//img/1/WARS-EN01202.jpg	normal	CHARACTER	Incursion	4	d49b7fa3-163b-4e9c-9e32-69f47d4363d4	1C202	Shi	CHARACTER • Damir • Warrior • Unit	1	5	3 Shi		2	2	5	You may play this character at no energy cost at a site that has a [Shi] support icon on your side. This character can’t move from a site that has a [Shi] support icon on your side.	Shi warriors do not hesitate to defend their consul.
f2b4ff80-a827-46e3-a338-e17ab815bae8	Seyalshi Upholder	https://warstcg.org//img/1/WARS-EN01203.jpg	normal	SHIP	Incursion	4	d49b7fa3-163b-4e9c-9e32-69f47d4363d4	1C203	Shi	SHIP (Capacity 1) • Damir • Fighter	3	3	1 Shi		3	1	6	"As long as your side of all locations have more total [Shi] support icons than any other type of support icons, this ship is power +2."	The Sun provides awesome power and the Shi plan to keep it to themselves.
dac0fbca-3459-4dbd-86ca-b32d603288c6	Squadron Lead	https://warstcg.org//img/1/WARS-EN01204.jpg	normal	SHIP	Incursion	4	d49b7fa3-163b-4e9c-9e32-69f47d4363d4	1C204	Shi	SHIP (Capacity 1) • Vishal • Fighter	4	3	1 Shi		3	1	6	"As long as you have no other ships here, for each of your opponent's ships here, this fighter is power +1 and defense +1."	"Shi pilots fly in formation, unless in pursuit of an enemy ship."
8ce8ef66-060d-40ad-880f-472b632819b2	Subjugate	https://warstcg.org//img/1/WARS-EN01205.jpg	normal	INTERRUPT	Incursion	4	d49b7fa3-163b-4e9c-9e32-69f47d4363d4	1U205	Shi	INTERRUPT (Lost)	0	6	1 Shi					Damage target unit in a site battle where your total tactics are at least twice your opponent’s total tactics.	Shi combat maneuvers have been honed over millennia.
c5d9517b-43a9-4a53-8d61-2ffa964a0351	Sudeva Escort	https://warstcg.org//img/1/WARS-EN01206.jpg	normal	SHIP	Incursion	4	d49b7fa3-163b-4e9c-9e32-69f47d4363d4	1U206	Shi	SHIP (Capacity 1) • Sudeva • Fighter	3	3	2 Shi		3	1	6	"Each time you attack here, if each player has only one ship here, your opponent loses 1 energy."	Rarely will you find a Seyalshi Crown Ship without an escort.
88d1cea6-e828-40e4-9d10-cb911e8d656b	Sudeva Legionnaire	https://warstcg.org//img/1/WARS-EN01207.jpg	normal	CHARACTER	Incursion	4	d49b7fa3-163b-4e9c-9e32-69f47d4363d4	1U207	Shi	CHARACTER • Sudeva • Warrior • Unit	2	5	2 Shi		2	2	3	"Each time you use an activated ability of a weapon beneath this character, draw up to three cards from your reserve. You may draw no more than three cards using this ability each battle."	“Never back a Shi into a corner unless you outnumber it at least 5 to 1. Or you have a way out.” – CGC Infantry Manual
4e113cb2-46ec-40aa-9467-b5fdd362ce25	Sudeva Quarrel	https://warstcg.org//img/1/WARS-EN01208.jpg	normal	SHIP	Incursion	4	d49b7fa3-163b-4e9c-9e32-69f47d4363d4	1C208	Shi	SHIP (Capacity 1) • Sudeva • Fighter	3	3	1 Shi		3	1	6	"As long as this ship is at a sector that has ""Seyal"" in its title, this ship is power +2."	"The Shi are protective of their assets, especially those envied by their enemies."
33349d5e-7a0c-4b07-b248-2624959b9d09	Sudeva Warrior	https://warstcg.org//img/1/WARS-EN01209.jpg	normal	CHARACTER	Incursion	4	d49b7fa3-163b-4e9c-9e32-69f47d4363d4	1U209	Shi	CHARACTER • Sudeva • Warrior • Unit	1	1	2 Shi		2	2	4	"• Lose 4 energy ? If this character is in a site battle, destroy target damaged unit here. You can't use this ability until after the attrition step of a battle."	Shi warriors are known for their disdain of other species. They don’t often bother to take prisoners of war.
ef64095e-83cb-4a10-942d-103eff13883d	?Sumadar-Damir	https://warstcg.org//img/1/WARS-EN01210.jpg	normal	CHARACTER	Incursion	4	d49b7fa3-163b-4e9c-9e32-69f47d4363d4	1R210	Shi	CHARACTER • Kizen • Crown • Damir • Unit	3	6	3 Shi		4	4	4	• Dismiss target other unit you have here ? This character is immune to attrition until end of turn. • Pay 3 energy ? Your opponent causes attrition –2 here until end of turn.	"Prone to increasingly long bouts of meditation, Sumadar probes for weaknesses among enemies of the Shi."
e82017f3-cda5-44b7-8a51-e087ad53e4d5	?Tavang-Damir	https://warstcg.org//img/1/WARS-EN01211.jpg	normal	CHARACTER	Incursion	4	d49b7fa3-163b-4e9c-9e32-69f47d4363d4	1R211	Shi	CHARACTER • Damir • Warrior • Unit	3	2	2 Shi		0	2	2	Each of your opponent's drains at a related site is -1.	“...you’d have about the same chance as you would trying to sneak past a Shi encampment.” – Maverick axiom
415eb3b8-17d6-4559-a228-ca3d77ce30d2	Tilak Quarrel	https://warstcg.org//img/1/WARS-EN01212.jpg	normal	SHIP	Incursion	4	d49b7fa3-163b-4e9c-9e32-69f47d4363d4	1C212	Shi	SHIP (Capacity 1) • Tilak • Fighter	3	3	1 Shi		3	1	6	"As long as this ship is at a sector where you have no [Shi] support icons, this ship is power +2."	“Always keep one eye on your six. Those blue blobs have a way of sneaking up on you.” – Hellcat flyer
281fa715-f5ab-4108-8e97-c2d4460a2b0e	Transport Vessel	https://warstcg.org//img/1/WARS-EN01213.jpg	normal	SHIP	Incursion	4	d49b7fa3-163b-4e9c-9e32-69f47d4363d4	1R213	Shi	SHIP (Capacity 4) • Capital	1	5	2 Shi		2	1	4	"Each time one of your units in a battle at a related site would be destroyed, you may pay 4 energy. If you do, put that unit aboard this ship instead. You may move no more than one unit using this ability each turn."	Seyalshi ship design helps to camouflage the ship against the backdrop of space.
d9d78b86-c946-4d19-8396-ce387f2a7681	?Vatarva-Sudeva	https://warstcg.org//img/1/WARS-EN01214.jpg	normal	SHIP	Incursion	4	d49b7fa3-163b-4e9c-9e32-69f47d4363d4	1R214	Shi	SHIP (Capacity 3) • Sudeva • Capital	4	4	3 Shi		3	2	5	This ship and each unit aboard it is immune to attrition.	"The Crown Ships are able to sustain life for an extended period of time, but every Shi feels Seyal’s pull."
a94b22ad-a43a-416d-856b-d88f6abc9c3a	Vestiges	https://warstcg.org//img/1/WARS-EN01215.jpg	normal	ASSET	Incursion	4	d49b7fa3-163b-4e9c-9e32-69f47d4363d4	1R215	Shi	ASSET	0	6	2 Shi					"Each time you win a battle, you may stack the top card of your reserve face down on this asset. Put three cards stacked on this asset on top of your used pile in any order ? Play a character from your lost pile. It costs 3 less energy to play."	The best trophies are those that are the hardest to obtain.
5a6cf056-8765-4b8a-83ab-1927caf48e7e	Vishal Quarrel	https://warstcg.org//img/1/WARS-EN01216.jpg	normal	SHIP	Incursion	4	d49b7fa3-163b-4e9c-9e32-69f47d4363d4	1R216	Shi	SHIP (Capacity 1) • Vishal • Fighter	3	3	2 Shi		3	1	6	"As long as you have no other ships here, this ship is tactics +3 and defense +3."	"Vishal’s fighters are maneuverable, even through the most crowded of asteroid fields."
41aaabce-3791-40d2-8ea0-e315ec0104e3	Vishal Scout	https://warstcg.org//img/1/WARS-EN01217.jpg	normal	CHARACTER	Incursion	4	d49b7fa3-163b-4e9c-9e32-69f47d4363d4	1U217	Shi	CHARACTER • Vishal • Merchant • Unit	2	3	1 Shi		1	2	2	Scouting (You may play this character at a site that has no energy icons on your side.)	Scouts are dispatched throughout the Solar System to gather information for Seyalshi commanders.
fa897a6a-d6ee-4282-8d22-e258649de123	Vishal Vatarma	https://warstcg.org//img/1/WARS-EN01218.jpg	normal	WEAPON	Incursion	4	d49b7fa3-163b-4e9c-9e32-69f47d4363d4	1U218	Shi	WEAPON (Character) • Melee • Ranged	0	1	1 Shi					"• Reveal a card from your hand, note its destiny, and put it on top of your used pile ? Choose target unit your opponent has in a site battle here. Damage it unless your opponent reveals a card that has a higher destiny from his or her hand."	Receiving a vatarma from an elder marks the right of passage for a Shi warrior.
2a624fe7-59a6-4eb5-b951-4659f69fb531	Well-concealed Charge	https://warstcg.org//img/1/WARS-EN01219.jpg	normal	ASSET	Incursion	4	d49b7fa3-163b-4e9c-9e32-69f47d4363d4	1C219	Shi	ASSET (Location)	0	6	2 Shi					"You may play this asset beneath one of your opponent’s locations. • Pay 3 energy ? Make your total power here +4 until end of turn. When your opponent controls this location, dismiss this asset."	The Shi are always finding new and inventive ways to torment their enemies.
4102bf6d-cc2d-418e-85e7-6583a4f39a93	•Abominable Presence	https://warstcg.org//img/1/WARS-EN01220.jpg	normal	INTERRUPT	Incursion	4	d49b7fa3-163b-4e9c-9e32-69f47d4363d4	1U220	Quay	INTERRUPT (Used)	0	3	2 Quay					"Until end of turn, each of your opponent’s drains is –1 at each location related to a site where you have target kizen."	His weapon fell to the ground. Fear washed over him as he began to realize the futility of resisting the Quay.
aa7e299e-4452-49ec-82b5-11779a781ee0	?Alnak	https://warstcg.org//img/1/WARS-EN01221.jpg	normal	CHARACTER	Incursion	4	d49b7fa3-163b-4e9c-9e32-69f47d4363d4	1R221	Quay	CHARACTER • Luhus • Predator • Unit	2	2	2 Quay		1	1	3	"As long as this character is at a site, each of your drains at a related site is +1."	Alnak led the attack on the iCom station near the rift. The Luhus tribe renamed it to honor her.
6caed342-0d25-43c1-a70d-3ebc1477cddd	Apparition	https://warstcg.org//img/1/WARS-EN01222.jpg	normal	INTERRUPT	Incursion	4	d49b7fa3-163b-4e9c-9e32-69f47d4363d4	1R222	Quay	INTERRUPT (Lost)	0	6	2 Quay					Make your battle destiny +3 in a site battle where you have target kizen.	“The horror...” – Earther Commander
6fdc0e0b-bf3c-4313-87be-ac0dda3e69f5	?Arhnaknak	https://warstcg.org//img/1/WARS-EN01223.jpg	normal	CHARACTER	Incursion	4	d49b7fa3-163b-4e9c-9e32-69f47d4363d4	1R223	Quay	CHARACTER • Katal • Inverter • Unit	1	4	2 Quay		1/0	2/4	2/0	"Lose 3 energy ? Invert this unit. / At the end of the battle destiny step of each site battle here, make your battle destiny in that battle +[D]."	"A decorated warrior of the Katal tribe, Arhnaknak loosely translates as “form of fire.”"
9e4cfa1a-a621-4133-8e29-85447204a42c	Armored	https://warstcg.org//img/1/WARS-EN01224.jpg	normal	ASSET	Incursion	4	d49b7fa3-163b-4e9c-9e32-69f47d4363d4	1U224	Quay	ASSET (Site)	1	4	2 Quay					"You may play this asset beneath one of your opponent’s sites. Each time a unit is lost from here, its owner may pay 3 energy. If he or she does, put that unit in that player’s hand."	“Their shell is not just for looks. It can make your best shot as effective as a spitball. Aim for the eyes.” – Unknown Earther sergeant
f4094d18-26f9-4fb5-8289-385c9d04dfb3	Capture	https://warstcg.org//img/1/WARS-EN01225.jpg	normal	ASSET	Incursion	4	d49b7fa3-163b-4e9c-9e32-69f47d4363d4	1R225	Quay	ASSET	3	3	3 Quay					"When you play this asset, stack the top card of your opponent’s reserve face up on this asset. No player can play a card that has the same title as the card stacked on this asset. When this asset leaves play, put each card stacked on this asset on top of its owner’s used pile."	Battlefield intelligence is key to countering the enemy’s movements. The methods used to obtain it are irrelevant.
ccd09767-fc51-4e98-a60a-c065f29b26f4	Chuluktika	https://warstcg.org//img/1/WARS-EN01226.jpg	normal	SHIP	Incursion	4	d49b7fa3-163b-4e9c-9e32-69f47d4363d4	1U226	Quay	SHIP (Capacity 5) • Makal • Capital	1	3	1 Quay		2	1	4	Pay 3 energy ? Move target vehicle at a related site to an adjacent site. You can't use this ability during a battle phase.	"Excellent cargo capacity, good countermeasures, and a powerful grav-beam make Chuluktika valued support ships."
af38cf02-8319-459d-b05d-ce0a564eb690	Cloak of Fear	https://warstcg.org//img/1/WARS-EN01227.jpg	normal	ASSET	Incursion	4	d49b7fa3-163b-4e9c-9e32-69f47d4363d4	1R227	Quay	ASSET (Kizen)	4	3	2 Quay					"You can’t play more than one of this asset beneath the same kizen. • Pay 0 energy ? The next time this kizen moves to a site this turn, put target unit at that site that has tactics < this kizen’s tactics in its owner’s hand."	Quay who have been touched by the rift can create visceral hallucinations.
4466490f-70fd-4242-bef3-8ba7a325594b	Conservation	https://warstcg.org//img/1/WARS-EN01228.jpg	normal	ASSET	Incursion	4	d49b7fa3-163b-4e9c-9e32-69f47d4363d4	1R228	Quay	ASSET (Kizen)	1	3	3 Quay					You can’t play more than one of this asset beneath the same kizen. • Damage a character you have in a site battle here ? Activate energy equal to twice its energy cost.	"Kulak touched the dying Quay, and drew forth what was left of the life-energy. He glowered at the enemy, and his warriors roared once again into the fray, renewed."
304aa40d-d3be-4817-a7da-17876e08d455	Defensive Position	https://warstcg.org//img/1/WARS-EN01229.jpg	normal	ASSET	Incursion	4	d49b7fa3-163b-4e9c-9e32-69f47d4363d4	1U229	Quay	ASSET (Site)	3	1	1 Quay					"You may play this asset beneath one of your opponent’s sites. You may play this asset only beneath a site where you have a unit. At your opponent’s end of turn, dismiss this asset and, if a player’s total power here is higher than his or her opponent’s, that player loses 4 energy."	“It was like they came out of the walls.“ – James Howler
a80730e9-46d0-45de-bd6e-af6caac1ba32	Defiled	https://warstcg.org//img/1/WARS-EN01230.jpg	normal	ASSET	Incursion	4	d49b7fa3-163b-4e9c-9e32-69f47d4363d4	1U230	Quay	ASSET (Location)	2	1	2 Quay					"You may play this asset beneath one of your opponent’s locations. You may play this asset only beneath a location where you have an infiltrator. As an additional cost for your opponent to drain here, he or she pays 3 energy."	"Overwhelming numbers can force a Quay retreat. However, they usually leave nothing of value behind."
d32f6ed1-a796-485f-bbe3-dd28b8f37373	Frenzied Luhus	https://warstcg.org//img/1/WARS-EN01231.jpg	normal	CHARACTER	Incursion	4	d49b7fa3-163b-4e9c-9e32-69f47d4363d4	1U231	Quay	CHARACTER • Luhus • Inverter • Unit	1	3	1 Quay		0/7	1/1	5/0	Pay 3 energy and put two of your other characters here on top of their owners' used pile in any order ? Invert this unit.	The battle rage of the Luhus is a fiery bloodlust with complete disregard for self- preservation. They know neither friend nor foe.
09b875fa-4e51-425d-9110-a36e53beafc6	Frozen by Fear	https://warstcg.org//img/1/WARS-EN01232.jpg	normal	INTERRUPT	Incursion	4	d49b7fa3-163b-4e9c-9e32-69f47d4363d4	1U232	Quay	INTERRUPT (Lost)	2	3	2 Quay					"Until end of turn, as an additional cost for a player to play a ship or unit at a location related to a location where you have a kizen, that player pays 2 energy."	Quay kizen use an enemy’s hidden fears against him.
0e2d8e8e-f01d-4aea-b8f4-f161d18e90a7	Fury	https://warstcg.org//img/1/WARS-EN01233.jpg	normal	INTERRUPT	Incursion	4	d49b7fa3-163b-4e9c-9e32-69f47d4363d4	1R233	Quay	INTERRUPT (Lost)	2	2	1 Quay					Play an inverter character at full cost.	“Excuses interest me not. Your last order is to summon the Luhus. They will see this resistance eliminated.” – Kulak
7277f582-58e4-4de7-81e9-b8cde5b92dce	Hounded	https://warstcg.org//img/1/WARS-EN01234.jpg	normal	INTERRUPT	Incursion	4	d49b7fa3-163b-4e9c-9e32-69f47d4363d4	1R234	Quay	INTERRUPT (Lost)	4	5	2 Quay					"The next time one of your characters moves to a site this turn, destroy target unit at that site if its power < that character’s power."	“There... did you hear that? I swear that was a scuttling noise...” – Short-lived Gongen guard
e0bfea62-097d-4b63-bfb1-526491e9edce	Ilna Hekaton	https://warstcg.org//img/1/WARS-EN01235.jpg	normal	SHIP	Incursion	4	d49b7fa3-163b-4e9c-9e32-69f47d4363d4	1C235	Quay	SHIP (Capacity 1) • Qurim • Fighter	1	3	1 Quay		1	1	3	"When this ship enters play, your opponent pays 1 energy."	Ilna excel as pilots and navigators. They strike by surprise in agile groups and revel in the chaos of a firefight.
62ad37a7-c989-4cc1-b3a8-0c7ab9ec5650	Katal Dalaka	https://warstcg.org//img/1/WARS-EN01236.jpg	normal	WEAPON	Incursion	4	d49b7fa3-163b-4e9c-9e32-69f47d4363d4	1U236	Quay	WEAPON (Character) • Melee	1	4	1 Quay					"• Pay 1 energy ? Choose target unit your opponent has in a site battle here. If target’s defense < [D], damage it and your opponent chooses to pay or lose 2 energy."	"True Quay warriors favor the satisfaction of making their killing blow with horn, talon, or teeth. Weapons are for the weak or outnumbered."
7c06d2bd-f96d-4150-a613-65401b994fad	Katal Inciter	https://warstcg.org//img/1/WARS-EN01237.jpg	normal	CHARACTER	Incursion	4	d49b7fa3-163b-4e9c-9e32-69f47d4363d4	1C237	Quay	CHARACTER • Katal • Predator • Unit	1	3	1 Quay		2	1	3	"Each time you win a battle here, you may put the top card of your used pile in your hand."	"It is said that a Quay warrior is vulnerable while recovering from kundanaka. So far, no one has been able to prove this claim."
3b2d867c-8a84-4c23-9a0b-55178e50740c	Katal Life Ship	https://warstcg.org//img/1/WARS-EN01238.jpg	normal	SHIP	Incursion	4	d49b7fa3-163b-4e9c-9e32-69f47d4363d4	1R238	Quay	SHIP (Capacity 4) • Katal • Capital	6	2	3 Quay		4	3	6	"Characters aboard this ship don’t count against its capacity. When this ship enters play at a sector where there are no other ships, you may put target unit at a related site in its owner’s hand."	"As the immense exterior of the life ship expands, the interior reforms simultaneously to allow added transport quarters."
5615bf34-800c-448a-869f-94b03d8155f6	?Kayaldi	https://warstcg.org//img/1/WARS-EN01239.jpg	normal	CHARACTER	Incursion	4	d49b7fa3-163b-4e9c-9e32-69f47d4363d4	1R239	Quay	CHARACTER • Tahka • Predator • Unit	0	6	2 Quay		0	3	2	"• Lose 2 energy ? The next time this character moves to a site where your opponent has a character this turn, reveal the top two cards of your used pile. If those cards are both units, you may destroy target character here."	"A merciless assassin, Kayaldi’s surreptitious nature enables her to use unnoticed recesses to gain one deadly opportunity after another."
a074fd66-7084-44bb-af32-0944774f9327	Kucha	https://warstcg.org//img/1/WARS-EN01240.jpg	normal	CHARACTER	Incursion	4	d49b7fa3-163b-4e9c-9e32-69f47d4363d4	1U240	Quay	CHARACTER • Makal • Predator • Unit	3	3	2 Quay		0	2	4	"This character is power +X, where X is the power of the highest power character here."	"Renowned in Makal legends, the Kucha are martial shamans who can call upon bottomless reserves of strength."
0e8f9047-1403-4f58-8d7e-52edc627b576	?Kulak	https://warstcg.org//img/1/WARS-EN01241.jpg	normal	CHARACTER	Incursion	4	d49b7fa3-163b-4e9c-9e32-69f47d4363d4	1R241	Quay	CHARACTER • Kizen • Makal • Unit	4	4	3 Quay		5	4	6	"• Put two cards from your hand on top of your used pile in any order ? This character is immune to attrition until end of turn. • Lose 4 energy ? The next time one of your other units is lost from a battle here this turn, put it in its owner’s hand."	"A leader of the Makal tribe, Kulak was honored for his role in the Algot Rebellion."
59c9c350-0caf-4b28-800d-e2b68c935ef0	Luhus Commander	https://warstcg.org//img/1/WARS-EN01242.jpg	normal	CHARACTER	Incursion	4	d49b7fa3-163b-4e9c-9e32-69f47d4363d4	1C242	Quay	CHARACTER • Luhus • Predator • Unit	3	4	2 Quay		1	1	5	You cause attrition +1 in each site battle here for each of your inverted units here.	Rauskatak earned his command by replacing his fallen chief and leading the troops to capture a Seyalshi transport.
de28326f-04dc-43a6-a993-31b651d4a438	Luhus Dalaka	https://warstcg.org//img/1/WARS-EN01243.jpg	normal	WEAPON	Incursion	4	d49b7fa3-163b-4e9c-9e32-69f47d4363d4	1C243	Quay	WEAPON (Character) • Melee	2	4	1 Quay					"• Pay 0 energy ? You may pay [D] energy. If you do, damage target unit your opponent has in a site battle here that has defense < 5."	"Secondary spurs expand when a Quay becomes enraged, inflicting grievous wounds."
41836ff1-b89d-49f4-b077-34f41a78cab1	Luhus Mauler	https://warstcg.org//img/1/WARS-EN01244.jpg	normal	CHARACTER	Incursion	4	d49b7fa3-163b-4e9c-9e32-69f47d4363d4	1C244	Quay	CHARACTER • Luhus • Inverter • Unit	2	2	1 Quay		2/1	2/2	4/5	"Pay 5 energy ? Invert this unit. / When you invert this character during a battle here, you may damage target unit here."	"Maulers are evolved from excavators and have additional appendages. After kundanaka, they emit deadly levels of radiation and heat."
1f6da21d-cf4f-400f-8b0b-b411f449465b	?Luhustika	https://warstcg.org//img/1/WARS-EN01245.jpg	normal	SHIP	Incursion	4	d49b7fa3-163b-4e9c-9e32-69f47d4363d4	1R245	Quay	SHIP (Capacity 4) • Luhus • Capital	7	2	3 Quay		5	3	8	Characters aboard this ship don’t count against its capacity. Each of your drains at a related location is +1.	Luhustika carried Alnak through the rift to her conquest of the Earther station for her tribe.
1eb6c500-bc15-421c-99b5-7a64cc2833b0	Makal Claw Beast	https://warstcg.org//img/1/WARS-EN01246.jpg	normal	CHARACTER	Incursion	4	d49b7fa3-163b-4e9c-9e32-69f47d4363d4	1C246	Quay	CHARACTER • Makal • Predator • Unit	1	3	1 Quay		2	1	3	"Each time you win a battle here, you may pay 1 energy. If you do, search your used pile for a card, put that card in your hand, and the shuffle your used pile."	The ferocity of Yapakat does not end with the deathblow. The Makal tribe’s frenzy is enduring and feeds upon itself.
0dfde57a-1605-49fd-8ef4-2d8abc69b5e2	Makal Dalaka	https://warstcg.org//img/1/WARS-EN01247.jpg	normal	WEAPON	Incursion	4	d49b7fa3-163b-4e9c-9e32-69f47d4363d4	1C247	Quay	WEAPON (Character) • Melee	1	2	1 Quay					"• Pay 2 energy ? Choose target unit your opponent has in a site battle here. If target’s defense < [D], damage it and your opponent chooses to pay or lose energy equal to its energy cost."	"“Empty your sidearm, rookie! If they get any closer, our number is up.” – Last words of Sergeant Dill Schuman"
bd1bc996-53a1-49d7-849f-bb7b4e13fff2	Makal Shrieker	https://warstcg.org//img/1/WARS-EN01248.jpg	normal	CHARACTER	Incursion	4	d49b7fa3-163b-4e9c-9e32-69f47d4363d4	1C248	Quay	CHARACTER • Makal • Predator • Unit	1	6	2 Quay		1	1	3	Pay 3 energy ? Make this power +2 until end of turn.	"A male Quay can generate a primal howl, a sound that terrorizes all who oppose him."
1db2f606-3c55-4389-a047-7054f31b9ca1	?Makaltika	https://warstcg.org//img/1/WARS-EN01249.jpg	normal	SHIP	Incursion	4	d49b7fa3-163b-4e9c-9e32-69f47d4363d4	1U249	Quay	SHIP (Capacity 4) • Makal • Capital	6	2	2 Quay		4	3	8	Characters aboard this ship don’t count against its capacity. Each unit your opponent plays at a related site costs 1 more energy to play.	The largest ship in the Quay fleet was the first to enter the Solar System.
32e2f0bd-bdfe-49c9-8f16-a974f9761c20	Natural Talent	https://warstcg.org//img/1/WARS-EN01250.jpg	normal	ASSET	Incursion	4	d49b7fa3-163b-4e9c-9e32-69f47d4363d4	1U250	Quay	ASSET (Site)	0	5	2 Quay					"You may play this asset beneath one of your opponent’s sites. You can’t play more than one of this asset beneath the same site. Each of your opponent’s units here is tactics –1. When your opponent controls this site, dismiss this asset."	"Using terrain to their advantage, Quay create cover for themselves with their burrowing capabilities. It seems as if they become one with rock and stone."
820c6d0a-62bc-446f-8500-9ceb424c818a	Portent	https://warstcg.org//img/1/WARS-EN01251.jpg	normal	INTERRUPT	Incursion	4	d49b7fa3-163b-4e9c-9e32-69f47d4363d4	1R251	Quay	INTERRUPT (Lost)	2	3	1 Quay					"Choose a different location for target pending ship or pending unit to enter play at. If target is a ship, you must choose another sector. If target is a unit, you must choose a site related to where it would have entered play."	"“I’ve got a bad feeling about this. C’mon, let’s go...”"
78bdbbd6-d69a-425a-bf81-9373ebe726b5	Quay Navigator	https://warstcg.org//img/1/WARS-EN01252.jpg	normal	CHARACTER	Incursion	4	d49b7fa3-163b-4e9c-9e32-69f47d4363d4	1U252	Quay	CHARACTER • Qurim • Predator • Unit	4	6	1 Quay		1	2	3	"Piloting 1 (As long as this character is aboard a ship, that ship is power +1 and tactics +1.) Each time your opponent drains at a related location, you may put this character on top of its owner’s used pile. If you do, cancel that drain."	"Qantana, like most Quay pilots, uses his ships as he uses his own armored physique – with fierce, reckless abandon."
cf532ef3-dcd2-4797-acc7-4eecf1954cf0	Qurim Ahmak	https://warstcg.org//img/1/WARS-EN01253.jpg	normal	CHARACTER	Incursion	4	d49b7fa3-163b-4e9c-9e32-69f47d4363d4	1R253	Quay	CHARACTER • Qurim • Predator • Unit	1	5	2 Quay		1	1	2	"Each time another unit here is lost, if this character is at a site, you may pay 7 energy. If you do, play that unit here to use as yours. It costs nothing to play."	"If the chance arises to turn an enemy to the Quay cause, a life may be spared."
8f4684fa-969a-4aa3-a207-3ba6a2612f26	Qurim Dalaka	https://warstcg.org//img/1/WARS-EN01254.jpg	normal	WEAPON	Incursion	4	d49b7fa3-163b-4e9c-9e32-69f47d4363d4	1C254	Quay	WEAPON (Character) • Melee	0	3	1 Quay					• Pay 1 energy ? Choose target unit your opponent has in a site battle here. Damage target if its defense < [D] + the number of other weapons you have here.	"A mild corrosive coats the teeth of the Quay, dissolving what cannot be shredded and crushed, which isn’t much."
14f8f2ac-7508-45ae-ad80-611016bdf526	Qurim Life Ship	https://warstcg.org//img/1/WARS-EN01255.jpg	normal	SHIP	Incursion	4	d49b7fa3-163b-4e9c-9e32-69f47d4363d4	1C255	Quay	SHIP (Capacity 4) • Qurim • Capital	6	2	1 Quay		5	3	7	Characters aboard this ship don't count against its capacity.	“I observed as the hideous vessel extended barbed tendrils down into the planet’s surface and sucked power from its magnetic field.” – Earther commander
2bdc1001-1822-4bb7-bab0-02645a578637	Qurim Rager	https://warstcg.org//img/1/WARS-EN01256.jpg	normal	CHARACTER	Incursion	4	d49b7fa3-163b-4e9c-9e32-69f47d4363d4	1C256	Quay	CHARACTER • Qurim • Predator • Unit	2	3	2 Quay		2	1	3	"As long as this character is at a site, each character here that has piloting is defense -2."	"“A warrior understands an opponent’s weakness, a predator exploits it for a quick death.” – Qurim tribe training maxim"
587f30b1-711d-4224-b389-ad59a2a0c13d	Rally Cry	https://warstcg.org//img/1/WARS-EN01257.jpg	normal	ASSET	Incursion	4	d49b7fa3-163b-4e9c-9e32-69f47d4363d4	1C257	Quay	ASSET	1	2	2 Quay					"Pay 3 energy ? Reveal the top card of your used pile. If it’s a Quay unit, put it in your hand."	"Tribal calls are used in victory, and in need. It is honorable to call for reinforcements, as long as your enemy does not live to talk about it."
ebfc2b74-a215-435f-9ffa-99e0e65dae37	•Reaping	https://warstcg.org//img/1/WARS-EN01258.jpg	normal	INTERRUPT	Incursion	4	d49b7fa3-163b-4e9c-9e32-69f47d4363d4	1R258	Quay	INTERRUPT (Lost)	0	6	3 Quay					You may play this interrupt only during your control phase. Your opponent loses 1 energy for each battleground location you control.	Stand not between a Quay and his prize.
b7a4f925-0afa-45d8-ba72-325184827824	Recovery	https://warstcg.org//img/1/WARS-EN01259.jpg	normal	ASSET	Incursion	4	d49b7fa3-163b-4e9c-9e32-69f47d4363d4	1R259	Quay	ASSET (Infiltrator Ship)	2	1	2 Quay					"This ship gains this ability: “As long as each of your ships here is an infiltrator, neither player can attack here.” Pay 3 energy ? Put this ship in its owner’s hand."	Ilna salvage crashed ships to use on undercover missions.
22cf4651-e8f3-43a5-9e84-5da9066b6423	Revenge	https://warstcg.org//img/1/WARS-EN01260.jpg	normal	INTERRUPT	Incursion	4	d49b7fa3-163b-4e9c-9e32-69f47d4363d4	1U260	Quay	INTERRUPT (Lost)	2	4	3 Quay					Your opponent loses 2 energy from his or her reserve.	"“The Shi may reign, but they do not rule. Show them this, and make your point in blood.” – Talkan"
55f16bd2-66c1-4677-8413-c018898e7f9f	Rising Dread	https://warstcg.org//img/1/WARS-EN01261.jpg	normal	INTERRUPT	Incursion	4	d49b7fa3-163b-4e9c-9e32-69f47d4363d4	1R261	Quay	INTERRUPT (Lost)	2	4	2 Quay					Your opponent chooses one of his or her units to put in its owner’s hand.	The Quay’s four armored legs allow for a versatile range of motion. Chuluk squads are masters of intimidation.
ce57f7c6-b178-48be-86eb-8e1227793598	?Seyaltika	https://warstcg.org//img/1/WARS-EN01262.jpg	normal	SHIP	Incursion	4	d49b7fa3-163b-4e9c-9e32-69f47d4363d4	1U262	Quay	SHIP (Capacity 1) • Tahka • Infiltrator • Fighter	2	6	2 Quay		3	1	6	• Lose 3 energy and put a card from your hand on top of your used pile ? Move this ship to target sector.	“It is said the Ilna are attempting rift travel using stolen technology. They toy with balance. It will be their end.” – Higen Orohito
c0b02ba2-b8cf-49ee-b2a3-9dbee10a2d3b	?Sitka	https://warstcg.org//img/1/WARS-EN01263.jpg	normal	CHARACTER	Incursion	4	d49b7fa3-163b-4e9c-9e32-69f47d4363d4	1R263	Quay	CHARACTER • Kizen • Tahka • Unit	2	5	3 Quay		0	6	0	"• Put two cards from your hand on top of your used pile in any order ? This character is immune to attrition until end of turn. Your total power in each site battle here is –4. When this character is lost from a site, your opponent loses 1 energy for each of his or her units at that site."	"A brilliant strategist, Sitka convinced the tribe leaders to take the life ships through the rift. Even in defeat, she is rarely outmaneuvered."
7bbf45d4-eae8-40d3-8191-f8da1d7de6f5	Sitkatika Hekaton	https://warstcg.org//img/1/WARS-EN01264.jpg	normal	SHIP	Incursion	4	d49b7fa3-163b-4e9c-9e32-69f47d4363d4	1C264	Quay	SHIP (Capacity 1) • Qurim • Fighter	1	4	1 Quay		2	1	3	Pay 4 energy and damage this ship ? Damage target ship your opponent has in a battle here.	Quay navigators realize the value of hekatons is little compared to the value of life ships.
afd1f06a-bb43-4dcb-ab01-e6d187048463	Spite	https://warstcg.org//img/1/WARS-EN01265.jpg	normal	INTERRUPT	Incursion	4	d49b7fa3-163b-4e9c-9e32-69f47d4363d4	1R265	Quay	INTERRUPT (Lost)	3	2	1 Quay					"The next time you lose one or more cards to a drain at target location this turn, put target ship or unit at that location in its owner’s hand."	"“Even if you pay the price to make a gain, they will tryand take it back out of malice.” – Kapal, Seyalshi Tactician"
ec3f966d-8cf1-4ca9-9f49-8e467fbdd56b	Tahka Chuluk Squad	https://warstcg.org//img/1/WARS-EN01266.jpg	normal	CHARACTER	Incursion	4	d49b7fa3-163b-4e9c-9e32-69f47d4363d4	1U266	Quay	CHARACTER • Tahka • Predator • Unit	4	4	2 Quay		4	2	6	"Each time you win a site battle here, you may pay 1 energy. If you do, your opponent loses 1 energy."	Tahka tribe fighters understand the value of instilling fear in their foes. Chuluk squads are trained for this purpose.
d40be5d8-abc5-49a1-a5a7-3fe4f8d215c4	Tahka Disruptor	https://warstcg.org//img/1/WARS-EN01267.jpg	normal	CHARACTER	Incursion	4	d49b7fa3-163b-4e9c-9e32-69f47d4363d4	1R267	Quay	CHARACTER • Tahka • Predator • Unit	2	4	2 Quay		1	2	4	"As long as this unit entered play this turn, each unit here is tactics -1 until end of turn."	"When they enter the field, strength weakens, vision clouds, and tempers rise."
b9cc3a5f-474c-4d54-9e12-de6b27bf7b5d	Tahka Life Ship	https://warstcg.org//img/1/WARS-EN01268.jpg	normal	SHIP	Incursion	4	d49b7fa3-163b-4e9c-9e32-69f47d4363d4	1C268	Quay	SHIP (Capacity 4) • Tahka • Capital	4	2	2 Quay		4	3	7	Characters aboard this ship don’t count against its capacity. Put a unit from aboard this ship on top of its owner’s used pile ? Make this ship power +1 until end of turn.	Life ships are propelled by thousands of hekatons
d28a6037-db39-419a-b877-edeb8d41327b	Tahka Quarrel	https://warstcg.org//img/1/WARS-EN01269.jpg	normal	SHIP	Incursion	4	d49b7fa3-163b-4e9c-9e32-69f47d4363d4	1U269	Quay	SHIP (Capacity 1) • Tahka • Infiltrator • Fighter	3	6	2 Quay		3	1	6	"Each time your opponent drains at a related location, you may put this ship on top of its owner's used pile. If you do, cancel that drain."	"Stolen assets are the most prized. What they lack in comfort for their captors, they make up for in satisfaction."
03a3728e-ef84-4abb-b3e0-8319db0adcd8	The Beckoning	https://warstcg.org//img/1/WARS-EN01270.jpg	normal	ORDER	Incursion	4	d49b7fa3-163b-4e9c-9e32-69f47d4363d4	1C270	Quay	ORDER (Used)	0	4	1 Quay					"Search your used pile for an inverter, put it in your hand, then shuffle your used pile."	"In times of distress, Quay call for aid through minute vibrations of their carapace."
011872b6-2ab2-4603-bc3a-a6a458074fe3	Torrid Katal	https://warstcg.org//img/1/WARS-EN01271.jpg	normal	CHARACTER	Incursion	4	d49b7fa3-163b-4e9c-9e32-69f47d4363d4	1C271	Quay	CHARACTER • Katal • Inverter • Unit	1	3	1 Quay		1/3	1/1	3/3	Pay 2 energy ? Invert this unit. / • Pay 2 energy ? You cause attrition +1 here until end of turn.	"After kundanaka, their hides become ashen, and their minds burn with rage."
d7636a8a-01fa-4ea3-85a9-4607913f2a74	Tunnels	https://warstcg.org//img/1/WARS-EN01272.jpg	normal	ORDER	Incursion	4	d49b7fa3-163b-4e9c-9e32-69f47d4363d4	1U272	Quay	ORDER (Used)	0	4	2 Quay					"Choose any number of target units you have at target site. If the number of those units < [D], move them to a related site."	"After deftly travelling through solid rock, Quay leave tunnels as a mark of their craftsmanship."
aa7c673b-e281-46a8-bd06-a63fa57087b9	Volt Scrounge	https://warstcg.org//img/1/WARS-EN01273.jpg	normal	CHARACTER	Incursion	4	d49b7fa3-163b-4e9c-9e32-69f47d4363d4	1U273	Quay	CHARACTER • Katal • Inverter • Unit	4	2	2 Quay		2/1	4/4	6/1	"Put target other character you have here on top of its owner’s used pile ? Invert this unit. When you invert this character, your opponent pays 2 energy and you activate up to 2 energy."	"Vital for maintaining energy supply to command bunkers, these specialists will often tap into existing enemy power conduits."
6f6f0dc3-5626-4508-a11f-8406e28042d7	Waylaid	https://warstcg.org//img/1/WARS-EN01274.jpg	normal	INTERRUPT	Incursion	4	d49b7fa3-163b-4e9c-9e32-69f47d4363d4	1R274	Quay	INTERRUPT (Used)	0	5	2 Quay					"Make target character in a site battle power –X and tactics –X, where X equals the tactics of one of your kizen in that battle."	Gongen intelligence reports suggest that Sitka leads a shadow force of assassins.
066fc383-bd9d-4772-8b39-bebd5b4f0a5c	?Aggressive Stance	https://warstcg.org//img/1/WARS-EN01275.jpg	normal	ASSET	Incursion	4	d49b7fa3-163b-4e9c-9e32-69f47d4363d4	1U275	Independent	ASSET	2	3						"Each attack you perform costs 1 less energy to perform. As an additional cost for a player to drain, that player pays 3 energy unless he or she has a ship at a battleground sector and a unit at a battleground site."	“If an injury has to be done to a man it should be so severe that his vengeance need not be feared.” – Niccolo Machiavelli
d62d12dd-9feb-4405-b5e5-1054d2216691	Chained	https://warstcg.org//img/1/WARS-EN01276.jpg	normal	ASSET	Incursion	4	d49b7fa3-163b-4e9c-9e32-69f47d4363d4	1U276	Independent	ASSET	0	6						"Each time an interrupt is played, if no card is stacked on this asset, you may pay 3 energy. If you do, stack that interrupt on this asset after its effects have been performed. As an additional cost for a player to play a card that has the same title as a card stacked on this asset, he or she pays 3 energy."	“Those who cannot remember the past are condemned to repeat it.” – George Santayana
a7274151-f092-436c-ad2c-4905abf9a81f	Corporate Transport	https://warstcg.org//img/1/WARS-EN01277.jpg	normal	SHIP	Incursion	4	d49b7fa3-163b-4e9c-9e32-69f47d4363d4	1C277	Independent	SHIP (Capacity 3) • Capital	3	3			2	1	4	Pay 2 energy ? Your side of this ship's location gains an [Earther] support icon until end of turn.	Earth’s Central Governance Corporation often commissions lavish corporate ships. This luxury is often appreciated more by the second owner.
00f7d525-5015-4236-a8f4-380f622d52ed	Diplomacy Bot	https://warstcg.org//img/1/WARS-EN01278.jpg	normal	CHARACTER	Incursion	4	d49b7fa3-163b-4e9c-9e32-69f47d4363d4	1U278	Independent	CHARACTER • Bot • Unit	5	4			2	1	3	"Each time you lose a battle here, if your casualties are more than 5, they are reduced to 5."	"“Force is all-conquering, but its victories are short-lived.” – Abraham Lincoln"
7be057a9-ea81-4bd6-b451-e7d784f70307	Earther Bot	https://warstcg.org//img/1/WARS-EN01279.jpg	normal	CHARACTER	Incursion	4	d49b7fa3-163b-4e9c-9e32-69f47d4363d4	1U279	Independent	CHARACTER • Bot • Unit	2	6			1	1	1	Put this character on top if its owner's used pile ? Your side gains an [Earther] support icon until end of turn. You may use this ability only during your deploy phase.	Madison Positronics sold over 20 million of their popular Domesti-bot last year.
d5ff6eb1-a456-44da-abb3-830038b5ca80	Expansion	https://warstcg.org//img/1/WARS-EN01280.jpg	normal	INTERRUPT	Incursion	4	d49b7fa3-163b-4e9c-9e32-69f47d4363d4	1C280	Independent	INTERRUPT (Lost)	0	3						"Choose one: Download an encampment that has a support icon matching one you have in play; or, if you have only one type of support icon in play, download an encampment. (When you download a card, search your reserve for that card, reveal it to your opponent, and put it in your hand. Then shuffle your reserve.)"	"Location, location, location."
9873219f-bb97-4113-a961-6ae1f9026297	Gongen Bot	https://warstcg.org//img/1/WARS-EN01281.jpg	normal	CHARACTER	Incursion	4	d49b7fa3-163b-4e9c-9e32-69f47d4363d4	1U281	Independent	CHARACTER • Bot • Unit	2	6			1	1	1	Put this character on top of its owner's used pile ? Your side of target location gains a [Gongen] support icon until end of turn. You may use this ability only during your deploy phase.	Sumo bots are programmed both for entertainment and more practical purposes. Their high utility and low maintenance make them perfect worker bots.
860a333f-db6f-4864-b259-8298ab1a6d10	Independent Transport	https://warstcg.org//img/1/WARS-EN01282.jpg	normal	SHIP	Incursion	4	d49b7fa3-163b-4e9c-9e32-69f47d4363d4	1C282	Independent	SHIP (Capacity 3) • Capital	3	3			2	1	4	Pay 2 energy ? Your side of this ship's location gains a [Maverick] support icon until end of turn.	"The priorities of the Mavericks are simple: function over form. Unless, of course, you’re talking about personal appearance."
ce480795-2eea-42c5-96bf-845b495e4ae3	Maverick Bot	https://warstcg.org//img/1/WARS-EN01283.jpg	normal	CHARACTER	Incursion	4	d49b7fa3-163b-4e9c-9e32-69f47d4363d4	1U283	Independent	CHARACTER • Bot • Unit	2	6			1	1	1	Put this character on top of its owners used pile ? Your side of the target location gains a [Maverick] support icon until end of turn. You may use this ability only during your deploy phase.	"In the Outer Rim, bots are unusual and eclectic. Many are programmed for social functionality due to the often lonesome nature of living in space."
73f2e7bf-2622-4738-a7ac-c546e0d537f8	Opulent Transport	https://warstcg.org//img/1/WARS-EN01284.jpg	normal	SHIP	Incursion	4	d49b7fa3-163b-4e9c-9e32-69f47d4363d4	1C284	Independent	SHIP (Capacity 3) • Capital	3	3			2	1	4	Pay 2 energy ? Your side of this ship's location gains a [Shi] support icon until end of turn.	Seyalshi are accustomed to extravagance.
f5ec5a2d-c722-4c3d-9888-39face32a394	Overburdened	https://warstcg.org//img/1/WARS-EN01285.jpg	normal	INTERRUPT	Incursion	4	d49b7fa3-163b-4e9c-9e32-69f47d4363d4	1U285	Independent	INTERRUPT (Used or Lost)	0	2						"USED: If your opponent has thirteen or more cards in his or her hand, choose all but eight at random and put them on top of his or her used pile. LOST: You may pay 4 energy. If you do, your opponent reveals his or her hand. Then you choose a title your opponent has revealed two or more copies of, and he or she loses all revealed cards that have that title."	Even a bot has its breaking point.
5b2bdeaf-f1cf-4893-9f63-7c7c41819fd9	Pilgrims' Transport	https://warstcg.org//img/1/WARS-EN01286.jpg	normal	SHIP	Incursion	4	d49b7fa3-163b-4e9c-9e32-69f47d4363d4	1C286	Independent	SHIP (Capacity 3) • Capital	3	3			2	1	4	Pay 2 energy ? Your side of this ship's location gains a [Gongen] support icon until end of turn.	"“The best and safest thing is to keep a balance in your life, acknowledge the great powers around us and in us.” – Euripides"
5415a057-bc03-42d4-a0c4-39abf1889b3d	Quay Bot	https://warstcg.org//img/1/WARS-EN01287.jpg	normal	CHARACTER	Incursion	4	d49b7fa3-163b-4e9c-9e32-69f47d4363d4	1U287	Independent	CHARACTER • Bot • Unit	2	6			1	1	1	Put this character on top of its owner's used pile ? Your side of target location gains a [Quay] support icon until end of turn. You may use this ability only once during your deploy phase.	The Quay found more than a few bots when they captured Alnak Station. Those bots have been turning up around the system.
5b62b62e-82cc-4a76-9f35-7b3f0528e528	Refuge	https://warstcg.org//img/1/WARS-EN01288.jpg	normal	INTERRUPT	Incursion	4	d49b7fa3-163b-4e9c-9e32-69f47d4363d4	1U288	Independent	INTERRUPT (Used)	0	4						"Until end of turn, your opponent can’t attack at target location where four or more of his or her units have entered play this turn."	Avoiding a bad beat is an important skill beyond the Belt.
80e3e821-f0a6-4103-89eb-d842054a1174	Salvaged Transport	https://warstcg.org//img/1/WARS-EN01289.jpg	normal	SHIP	Incursion	4	d49b7fa3-163b-4e9c-9e32-69f47d4363d4	1C289	Independent	SHIP (Capacity 3) • Capital	3	3			2	1	4	Pay 2 energy ? Your side of this ship's location gains a [Quay] support icon until end of turn.	Survivors often lack the luxury of choice.
f4f14cbc-08bf-4a01-ab3c-61b47d75f060	Shi Bot	https://warstcg.org//img/1/WARS-EN01290.jpg	normal	CHARACTER	Incursion	4	d49b7fa3-163b-4e9c-9e32-69f47d4363d4	1U290	Independent	CHARACTER • Bot • Unit	2	6			1	1	1	Put this character on top of its owner's used pile ? Your side of target location gains a [Shi] support icon until end of turn. You may use this ability only during your deploy phase.	Earther scientists have yet to uncover what powers these bots.
dda2647d-0597-495e-80e7-8f84113dddd7	Transport Depot	https://warstcg.org//img/1/WARS-EN01291.jpg	normal	ASSET	Incursion	4	d49b7fa3-163b-4e9c-9e32-69f47d4363d4	1U291	Independent	ASSET (Site)	1	5						You may play this asset beneath one of your opponent’s sites. This site is a port. Pay 1 energy ? Move target unit you have here to target site. You may use this ability only during your move phase. Pay 1 energy ? Move target unit you have at a port to here. You may use this ability only during your move phase.	"Grav drives make interplanetary travel easy, though not necessarily cheap."
8985660b-a9b0-4a15-ace7-a5dd1c58f038	Type II Fighter	https://warstcg.org//img/1/WARS-EN01292.jpg	normal	SHIP	Incursion	4	d49b7fa3-163b-4e9c-9e32-69f47d4363d4	1C292	Independent	SHIP (Capacity 1) • Fighter	3	4			2	1	3	"As long as this ship is at a sector that has no support icons, this ship is power +2 and defense +2."	"Sturdy and reliable, Type II fighters are still a training mainstay for iCom."
0df7b409-ad67-48a9-9e27-d42f342b8d85	?Alnak Station/Captured Base	https://warstcg.org//img/1/WARS-EN01293.jpg	normal	SECTOR	Incursion	4	d49b7fa3-163b-4e9c-9e32-69f47d4363d4	1U293		LOCATION (Sector) • Station	0	0	1 Quay	2/1				Put target ship you have here on top of your used pile ? Download a site that has “Alnak Station” in its title. You may use this ability only during your deploy phase.	
368015c4-440e-4b62-bff1-c8068c326d65	?Alnak Station/Hallway	https://warstcg.org//img/1/WARS-EN01294.jpg	normal	SITE	Incursion	4	d49b7fa3-163b-4e9c-9e32-69f47d4363d4	1R294		LOCATION (Site)	0	0	1 Quay	1/0				"Each time target character you have at a location would be lost, if there are no characters here, you may lose 1 energy. If you do, put target here instead."	
9acf2973-e28c-467e-955f-c02e093daf32	?Alnak Station/Launch Bay	https://warstcg.org//img/1/WARS-EN01295.jpg	normal	SITE	Incursion	4	d49b7fa3-163b-4e9c-9e32-69f47d4363d4	1C295		LOCATION (Site) • Port	0	0	1 Quay	1/0				Pay 2 energy ? Move target unit you have here to another site. You may use this ability only during your move phase. Your opponent may use this ability during his or her move phase.	
2c7c29de-e15a-4542-979a-d3197e9e7acb	Ceres/Belt Hideaway	https://warstcg.org//img/1/WARS-EN01296.jpg	normal	SECTOR	Incursion	60	d49b7fa3-163b-4e9c-9e32-69f47d4363d4	1S296		LOCATION (Sector) • Asteroid	0	3		2/1				Unlimited (You may have any number of copies of this card in your deck.) Each card a player reveals for battle destiny during a battle here is destiny –2.	
2027e9bc-f8ec-4066-8c18-8e34dd609d73	?Earth/Corporate Headquarters	https://warstcg.org//img/1/WARS-EN01297.jpg	normal	SITE	Incursion	4	d49b7fa3-163b-4e9c-9e32-69f47d4363d4	1C297		LOCATION (Site)	0	0	1 Earther	2/1				"Each time a player’s vehicle enters play here, that player may play a warrior here. That warrior costs no energy to play."	
a5143007-c287-485d-b49d-abdb7ee8799b	?Earth/Humanity's Home	https://warstcg.org//img/1/WARS-EN01298.jpg	normal	SECTOR	Incursion	4	d49b7fa3-163b-4e9c-9e32-69f47d4363d4	1C298		LOCATION (Sector) • Planet	0	0	1 Earther	2/1				"As long as you have a ship here, your side of this location gains an [Earther] support icon."	
7fa8995b-f6ad-4c6f-a131-f58188a8a27d	?Europa/The Gambler's Hideaway	https://warstcg.org//img/1/WARS-EN01299.jpg	normal	SECTOR	Incursion	4	d49b7fa3-163b-4e9c-9e32-69f47d4363d4	1U299		LOCATION (Sector) • Moon	0	0	1 Maverick	1/0				Pay 2 energy ? Move target fighter you have here to a moon sector where a battle is taking place. Any player may use this ability.	
aaf4253f-5d07-4975-95b9-ab95a8b1ce89	?Ganymede/Core Shaft	https://warstcg.org//img/1/WARS-EN01300.jpg	normal	SITE	Incursion	4	d49b7fa3-163b-4e9c-9e32-69f47d4363d4	1R300		LOCATION (Site)	0	3		1/1				"As long as a player has units from two or more factions here, each of his or her drains here is +2."	
ac76b749-145e-41ca-8bb0-e77410996599	Ganymede/Exploratory Camp	https://warstcg.org//img/1/WARS-EN01301.jpg	normal	SITE	Incursion	60	d49b7fa3-163b-4e9c-9e32-69f47d4363d4	1S301		LOCATION (Site)	0	0	1 Earther	1/1				"Unlimited, Encampment (Stack this card beneath target location where you have an energy icon, unit, or ship. This card is no longer a location or site and target gains this card’s energy and support icons that are on your side. You may stack only one encampment here.)"	
bec1be5e-9074-4177-974d-b0ccd43f35ff	?Ganymede/Forward Base	https://warstcg.org//img/1/WARS-EN01302.jpg	normal	SITE	Incursion	4	d49b7fa3-163b-4e9c-9e32-69f47d4363d4	1C302		LOCATION (Site)	0	0	1 Shi	2/1				"As long as you control this site and have a kizen here, your total power is +2 at each related site."	
c5a708d8-1ec9-486b-ac07-e24b96dc510d	Ganymede/Frontier Camp	https://warstcg.org//img/1/WARS-EN01303.jpg	normal	SITE	Incursion	60	d49b7fa3-163b-4e9c-9e32-69f47d4363d4	1S303		LOCATION (Site)	0	0	1 Maverick	1/1				"Unlimited, Encampment (Stack this card beneath target location where you have an energy icon, unit, or ship. This card is no longer a location or site and target gains this card’s energy and support icons that are on your side. You may stack only one encampment here.)"	
44a6b9e4-35df-4a24-b5cc-ee8f2dba9aa8	Ganymede/Harvesting Camp	https://warstcg.org//img/1/WARS-EN01304.jpg	normal	SITE	Incursion	60	d49b7fa3-163b-4e9c-9e32-69f47d4363d4	1S304		LOCATION (Site)	0	0	1 Shi	1/1				"Unlimited, Encampment (Stack this card beneath target location where you have an energy icon, unit, or ship. This card is no longer a location or site and target gains this card’s energy and support icons that are on your side. You may stack only one encampment here.)"	
4e7957c2-3518-44ce-a185-8bd5a64d0204	Ganymede/Hunters' Camp	https://warstcg.org//img/1/WARS-EN01305.jpg	normal	SITE	Incursion	60	d49b7fa3-163b-4e9c-9e32-69f47d4363d4	1S305		LOCATION (Site)	0	0	1 Quay	1/1				"Unlimited, Encampment (Stack this card beneath target location where you have an energy icon, unit, or ship. This card is no longer a location or site and target gains this card’s energy and support icons that are on your side. You may stack only one encampment here.)"	
51f0a197-e900-490a-8b65-0164aeb225f8	?Ganymede/Mining Platform	https://warstcg.org//img/1/WARS-EN01306.jpg	normal	SITE	Incursion	4	d49b7fa3-163b-4e9c-9e32-69f47d4363d4	1U306		LOCATION (Site)	0	3		2/2				"As long as you control this location, you generate 1 more energy at each related location where you have a ship or unit."	
d582eb69-8e39-4161-8dce-400ed8f9d6f1	?Ganymede/Occupied Tunnels	https://warstcg.org//img/1/WARS-EN01307.jpg	normal	SITE	Incursion	4	d49b7fa3-163b-4e9c-9e32-69f47d4363d4	1C307		LOCATION (Site) • Underground	0	0	1 Quay	2/1				Vehicles don’t add their power to a player’s total power during a battle here.	
2cfbf7c7-2551-4b5f-9810-e30cf118be0c	Ganymede/Pilgrims' Camp	https://warstcg.org//img/1/WARS-EN01308.jpg	normal	SITE	Incursion	60	d49b7fa3-163b-4e9c-9e32-69f47d4363d4	1S308		LOCATION (Site)	0	0	1 Gongen	1/1				"Unlimited, Encampment (Stack this card beneath target location where you have an energy icon, unit, or ship. This card is no longer a location or site and target gains this card’s energy and support icons that are on your side. You may stack only one encampment here.)"	
52ae1c06-688a-4e31-a26f-134a09262faa	?Ganymede/Traginium Source	https://warstcg.org//img/1/WARS-EN01309.jpg	normal	SECTOR	Incursion	4	d49b7fa3-163b-4e9c-9e32-69f47d4363d4	1C309		LOCATION (Sector) • Moon	0	3		2/1				Each player’s drain here is +1 for each related site he or she controls.	
ff8945d6-903c-4d6e-b1e6-7de6d323a016	?Ganymede/Traginium Well	https://warstcg.org//img/1/WARS-EN01310.jpg	normal	SITE	Incursion	4	d49b7fa3-163b-4e9c-9e32-69f47d4363d4	1C310		LOCATION (Site)	0	3		2/2				"Each time a player’s unit enters play here, that player’s opponent pays 1 energy."	
2f4d8694-db28-4d86-9e9d-bc8361165c0e	?Ganymede/Underground Bunker	https://warstcg.org//img/1/WARS-EN01311.jpg	normal	SITE	Incursion	4	d49b7fa3-163b-4e9c-9e32-69f47d4363d4	1C311		LOCATION (Site) • Underground	0	0	1 Gongen	2/1				"As long as you have a unit here, your side of this location gains a [Gongen] support icon."	
760d734c-9ef1-40c6-bb71-bbeb1179cd05	?Ganymede/Unstable Ground	https://warstcg.org//img/1/WARS-EN01312.jpg	normal	SITE	Incursion	4	d49b7fa3-163b-4e9c-9e32-69f47d4363d4	1C312		LOCATION (Site)	0	3		1/1				"Each drain here is +1. At each player’s end of turn, that player must put one of his or her units here on top of its owner’s used pile."	
420303d2-34ba-4a82-b8b3-036c91354a1c	?Ganymede/Valley	https://warstcg.org//img/1/WARS-EN01313.jpg	normal	SITE	Incursion	4	d49b7fa3-163b-4e9c-9e32-69f47d4363d4	1C313		LOCATION (Site)	0	3		2/2				"Each time a card is revealed for destiny while using an ability of a weapon here, that card’s destiny is +2."	
17c075b5-49ca-467b-84a0-212a1f8ebc10	?Ganymede/Vantage Point	https://warstcg.org//img/1/WARS-EN01314.jpg	normal	SITE	Incursion	4	d49b7fa3-163b-4e9c-9e32-69f47d4363d4	1U314		LOCATION (Site)	0	3		2/1				"When this location enters play, you may pay 1 energy. If you do, download a location that has “Ganymede” in its title."	
bace4eb6-a51a-412e-9a7f-c3980e856643	?Gongen/Ice Mine	https://warstcg.org//img/1/WARS-EN01315.jpg	normal	SITE	Incursion	4	d49b7fa3-163b-4e9c-9e32-69f47d4363d4	1C315		LOCATION (Site)	0	0	1 Gongen	1/1				"Each time a vehicle enters play here or moves to here, put it on top of its owner’s used pile."	
6ff7a055-68f5-4107-a0d4-8d54f6f6fd67	?Gongen/Pilgrims' Haven	https://warstcg.org//img/1/WARS-EN01316.jpg	normal	SECTOR	Incursion	4	d49b7fa3-163b-4e9c-9e32-69f47d4363d4	1U316		LOCATION (Sector) • Planet	0	0	1 Gongen	1/1				Each player who has at least two [Gongen] support icons in play generates 1 more energy here.	
216ea401-352e-4b2f-bb9d-35750aa1fb39	?Luna/Military Outpost	https://warstcg.org//img/1/WARS-EN01317.jpg	normal	SECTOR	Incursion	4	d49b7fa3-163b-4e9c-9e32-69f47d4363d4	1U317		LOCATION (Sector) • Moon	0	0	1 Earther	1/1				"Each time a player’s capital enters play here, that player may play a fighter here. That fighter costs no energy to play."	
fae4d8ef-f48d-49d1-995d-db7069abc2d5	?Mercury/Untapped Planet	https://warstcg.org//img/1/WARS-EN01318.jpg	normal	SECTOR	Incursion	4	d49b7fa3-163b-4e9c-9e32-69f47d4363d4	1U318		LOCATION (Sector) • Planet	0	3		2/2				"As long as a player has exactly two ships here, that player’s total power here is +4."	
6933f98f-44a1-40fb-9a15-d85ed2962df5	?Pallas/Asteroid Stronghold	https://warstcg.org//img/1/WARS-EN01319.jpg	normal	SECTOR	Incursion	4	d49b7fa3-163b-4e9c-9e32-69f47d4363d4	1R319		LOCATION (Sector) • Asteroid	0	0	1 Gongen	2/0				"When this location enters play during your deploy phase, dismiss it unless you have another [Gongen] support icon in play or reveal a Gongen card from your hand."	
d10fa7a9-c09d-4771-95e0-56df8bf3f6ec	?Seyal/Dark Side	https://warstcg.org//img/1/WARS-EN01320.jpg	normal	SECTOR	Incursion	4	d49b7fa3-163b-4e9c-9e32-69f47d4363d4	1R320		LOCATION (Sector) • Planet	0	0	1 Shi	2/0				"When this location enters play during your deploy phase, dismiss it unless you have another [Shi] support icon in play or reveal a Shi card from your hand."	
1164a385-44df-47e5-9768-7c92cb6eb5d5	?Seyal/Light Side	https://warstcg.org//img/1/WARS-EN01321.jpg	normal	SECTOR	Incursion	4	d49b7fa3-163b-4e9c-9e32-69f47d4363d4	1C321		LOCATION (Sector) • Planet	0	0	1 Shi	2/1				"As long as you have a ship here, your side of this location gains a [Shi] support icon."	
126c6601-0cdb-492f-85e1-0f5405502b36	?Themis/Landing Pad	https://warstcg.org//img/1/WARS-EN01322.jpg	normal	SITE	Incursion	4	d49b7fa3-163b-4e9c-9e32-69f47d4363d4	1C322		LOCATION (Site) • Port	0	0	1 Maverick	2/1				Pay 2 energy ? Move any number of target units you have here to another site. You may use this ability only during your move phase. Your opponent may use this ability during his or her move phase.	
05277bd7-a2c7-4d4a-b683-7d2d1918b7c5	?Themis/Mobile Asteroid	https://warstcg.org//img/1/WARS-EN01323.jpg	normal	SECTOR	Incursion	4	d49b7fa3-163b-4e9c-9e32-69f47d4363d4	1C323		LOCATION (Sector) • Asteroid	0	0	1 Maverick	2/1				"As long as you have a ship here, your side of this location gains a [Maverick] support icon."	
4104d97c-e40e-493b-8e26-0607538c4afb	?Titan/Raving Red's Refuge	https://warstcg.org//img/1/WARS-EN01324.jpg	normal	SECTOR	Incursion	4	d49b7fa3-163b-4e9c-9e32-69f47d4363d4	1R324		LOCATION (Sector) • Moon	0	0	1 Maverick	1/0				"Each time target fighter you have at a location would be lost, if there are no fighters here, you may lose 1 energy. If you do, put target here instead."	
6c8e8398-ee7e-4917-aa3a-93524bb9d84c	?Venus/Research Base	https://warstcg.org//img/1/WARS-EN01325.jpg	normal	SECTOR	Incursion	4	d49b7fa3-163b-4e9c-9e32-69f47d4363d4	1R325		LOCATION (Sector) • Planet	0	0	1 Earther	2/0				"When this location enters play during your deploy phase, dismiss it unless you have another [Earther] support icon in play or reveal an Earther card from your hand."	
eb592c07-5eef-48d5-acf7-8ce44eabd5bc	?Vesta/Coveted Rock	https://warstcg.org//img/1/WARS-EN01326.jpg	normal	SECTOR	Incursion	4	d49b7fa3-163b-4e9c-9e32-69f47d4363d4	1R326		LOCATION (Sector) • Asteroid	0	0	1 Shi	1/1				Each drain here is +1.	
8b9667b1-e588-4b39-9459-7b4b536e65b1	Aftermath	https://warstcg.org//img/2/WARS-EN02001.jpg	normal	INTERRUPT	Nowhere to Hide	4	f503fc45-3379-4d7d-907c-106b7fcf7e08	2U1	Earther	INTERRUPT (Lost)	1	5	2 Earther					Destroy target weapon at a site where you have a character who has tactics of 3 or more.	Howler has always hated fighting the Gongen. It’s easier to kill a Quay or Shi – they don’t have the same blood.
0145c2d3-2af6-4a66-9786-4126d4510d90	?Chindon Relk	https://warstcg.org//img/2/WARS-EN02002.jpg	normal	CHARACTER	Nowhere to Hide	4	f503fc45-3379-4d7d-907c-106b7fcf7e08	2U2	Earther	CHARACTER • Kizen • CISyn • Unit	2	5	2 Earther		1	2	4	Your battle destiny in a site battle here is +1 for each of your kizen here and at each related site.	"""Relk is one of CISyn’s new recruits. He can’t remember much about his past, but that seems to be common in his current assignment."""
f2f6d458-7a74-481a-bd41-2d371fa85276	CISyn Coordinators	https://warstcg.org//img/2/WARS-EN02003.jpg	normal	CHARACTER	Nowhere to Hide	4	f503fc45-3379-4d7d-907c-106b7fcf7e08	2C3	Earther	CHARACTER • Kizen • CISyn • Unit	3	5	2 Earther		3	3	4	• Pay 1 energy ? Look at the top card of any reserve.	Rathe’s gurus will follow his lead even in the face of CGC objections voiced by Howler himself.
b4d49fbb-536f-4f45-811e-5d093f50b48c	Dagger Juggernaut	https://warstcg.org//img/2/WARS-EN02004.jpg	normal	VEHICLE	Nowhere to Hide	4	f503fc45-3379-4d7d-907c-106b7fcf7e08	2C4	Earther	VEHICLE • FedGrav • Inverter • Unit	3	1	2 Earther		3/6	1/2	5/6	"Size 2, Transport 1. Each time you win a site battle here, you may invert this vehicle. / Size 2, Transport 1"	"Like his Blades in the air, Howler’s Daggers are an elite ground unit that receives only the most critical assignments."
ea4ff0d9-efe3-4336-beef-122ff50ab7c9	•Defensive Grid	https://warstcg.org//img/2/WARS-EN02005.jpg	normal	INTERRUPT	Nowhere to Hide	4	f503fc45-3379-4d7d-907c-106b7fcf7e08	2C5	Earther	INTERRUPT (Lost)	0	6	2 Earther					You may play this interrupt only during a battle at a location where you have more than one support icon. Make your battle destiny in that battle + [D].	"“The floaters know what you’re going to do before you do it. Just keep shooting.” – Commander Dalhart, Venus Station"
ea162f99-be7f-434e-8a61-944296759fe8	Gorget Cannon	https://warstcg.org//img/2/WARS-EN02006.jpg	normal	WEAPON	Nowhere to Hide	4	f503fc45-3379-4d7d-907c-106b7fcf7e08	2C6	Earther	WEAPON (Character) • Ranged	1	2	2 Eather					"As long as this character is at a site, you cause attrition +1 here. 2 • Pay 1 energy ? Choose target unit your opponent has in a site battle here. Damage target if its defense < [D] + the number of units your opponent has here."	"“When they’re busy looking for the whites of your eyes, they’ll never see this coming.”"
9be2beef-d21a-45eb-a235-5574672ba809	Headlong Rush	https://warstcg.org//img/2/WARS-EN02007.jpg	normal	INTERRUPT	Nowhere to Hide	4	f503fc45-3379-4d7d-907c-106b7fcf7e08	2U7	Earther	INTERRUPT (Lost)	1	4	2 Earther					Move your target vehicle at a site to an adjacent site where a battle is taking place.	The Blades fight with everything they have. Even when there’s a NoBot on the other side.
18e8ae2a-84b9-4ce9-bafd-a04623a6da12	Howler's Gambit	https://warstcg.org//img/2/WARS-EN02008.jpg	normal	INTERRUPT	Nowhere to Hide	4	f503fc45-3379-4d7d-907c-106b7fcf7e08	2R8	Earther	INTERRUPT (Lost)	1	4	2 Earther					"You may play this interrupt only during your move phase. At target location where your ships and units have a higher total tactics than your opponent, put each ship and each unit in its owner’s hand."	“We can learn even from our enemies.” – Ovid
f7cb3383-2675-42ae-a001-b3743ae5a7a8	Inca Fighter	https://warstcg.org//img/2/WARS-EN02009.jpg	normal	SHIP	Nowhere to Hide	4	f503fc45-3379-4d7d-907c-106b7fcf7e08	2C9	Earther	SHIP (Capacity 1) • iCom • Fighter	2	3	1 Earther		2	1	5	"When this ship enters play, you may put target unit here that doesn’t have piloting on top of its owner’s used pile."	"Type IVs from Inca squadron routinely patrol areas near the rift, alert for any developments."
5249ab95-43d9-4d63-a5f6-721df43d115b	Informational Advantage	https://warstcg.org//img/2/WARS-EN02010.jpg	normal	ASSET	Nowhere to Hide	4	f503fc45-3379-4d7d-907c-106b7fcf7e08	2R10	Earther	ASSET (Character Infiltrator)	3	2	3 Earther					"Each time your opponent uses a support icon here, he or she loses 1 energy."	Well placed CISyn operatives make it their business to know what other Earther corporations are planning.
90517d88-8ccc-4198-a144-001f9c99d305	?Jylan Rathe	https://warstcg.org//img/2/WARS-EN02011.jpg	normal	CHARACTER	Nowhere to Hide	4	f503fc45-3379-4d7d-907c-106b7fcf7e08	2R11	Earther	CHARACTER • CISyn • Infiltrator • Unit	1	4	3 Earther		3	2	4	• Damage your kizen here or your other infiltrator here ? Damage target opponent’s unit here. You may only use this ability during a site battle here.	“It’s vital these CGC fools continue to trust us. Our every move must be well timed.”
a77aa0be-a467-4297-97f0-933918964b1a	Kneecapped	https://warstcg.org//img/2/WARS-EN02012.jpg	normal	ASSET	Nowhere to Hide	4	f503fc45-3379-4d7d-907c-106b7fcf7e08	2R12	Earther	ASSET (Unit)	1	5	2 Earther					You may play this asset only beneath target opponent’s unit at a site where you have an infiltrator. This unit may not move. Each of your opponent’s drains here is –1.	"Despite his high rank, Chan Whitmer knows that if you want something done right, you’ve got to do it yourself."
58863e19-4549-49ac-bea9-b7f8c8ff7a4b	Mouthpiece	https://warstcg.org//img/2/WARS-EN02013.jpg	normal	CHARACTER	Nowhere to Hide	4	f503fc45-3379-4d7d-907c-106b7fcf7e08	2C13	Earther	CHARACTER • XeLabs • Merchant • Unit	3	3	1 Earther		2	2	3	Quickdraw 1 (Add a • to each activated ability on a weapon beneath this character that already has at least one.)	"When things get rough in the Rim, Leif Garzone is relied upon to meet any unanticipated “needs” the Rangers have."
6eb975d3-8ea8-4f69-be52-cffa4db38a22	Optical Delusion	https://warstcg.org//img/2/WARS-EN02014.jpg	normal	INTERRUPT	Nowhere to Hide	4	f503fc45-3379-4d7d-907c-106b7fcf7e08	2U14	Earther	INTERRUPT (Lost)	0	4	2 Earther					You may play this interrupt only during a battle. Play a XeLabs ship or XeLabs unit to the location of that battle at full cost.	Those who suggest that XeLabs is working on a light bending technique often end up disappearing themselves.
9f6f9c43-ee5d-465d-8011-05b836b2dfcb	Patch Job	https://warstcg.org//img/2/WARS-EN02015.jpg	normal	INTERRUPT	Nowhere to Hide	4	f503fc45-3379-4d7d-907c-106b7fcf7e08	2C15	Earther	INTERRUPT (Lost)	0	6	2 Earther					"The next time your target unit would be destroyed this turn, prevent that and, if it is damaged, undamage it."	“Prepare for a visit to a bar in the Outer Rim as you would a battle. Medical training is recommended.” – Ranger Manual
4a32559d-af04-4327-9b82-7b65709c18aa	Piggyback	https://warstcg.org//img/2/WARS-EN02016.jpg	normal	INTERRUPT	Nowhere to Hide	4	f503fc45-3379-4d7d-907c-106b7fcf7e08	2R16	Earther	INTERRUPT (Used)	1	6	1 Earther					You may play this interrupt only if you have a CISyn character at a battleground. Reveal the top card of target reserve. You may put that card on top of its owner’s used pile.	CISyn gurus plot ways to include more than simple sitreps in the streams of combat data they handle for CGC.
4d0872d3-b77e-480b-ba85-99a986730c24	?Pompeii	https://warstcg.org//img/2/WARS-EN02017.jpg	normal	SHIP	Nowhere to Hide	4	f503fc45-3379-4d7d-907c-106b7fcf7e08	2U17	Earther	SHIP (Capacity 4) • iCom • Capital	5	1	2 Earther		4	3	6	Each activated ability used during a battle here costs 3 more energy to use.	Advanced targeting systems on Earther cruisers make them the equal of their larger battleship cousins.
dad93598-d831-4989-824b-28e7cce18ffe	Ranger Watchman	https://warstcg.org//img/2/WARS-EN02018.jpg	normal	CHARACTER	Nowhere to Hide	4	f503fc45-3379-4d7d-907c-106b7fcf7e08	2U18	Earther	CHARACTER • XeLabs • Warrior • Unit	2	2	2 Earther		3	1	4	"Quickdraw 1 (Add a • to each activated ability on a weapon beneath this character that already has at least one.) Each time the attrition step ends here and your opponent has attrition remaining, this character is power +3 until end of turn."	"When watching Hallard’s back, Vesuvian Ranger Jerlen Krae relies on his quick wits as often as his fast hands."
8ae688f8-d950-4bbe-aecd-379f40578951	Remote Coordinator	https://warstcg.org//img/2/WARS-EN02019.jpg	normal	CHARACTER	Nowhere to Hide	4	f503fc45-3379-4d7d-907c-106b7fcf7e08	2U19	Earther	CHARACTER • Kizen • CISyn • Unit	3	2	2 Earther		2	3	4	"Each time your opponent’s kizen of tactics X is destroyed here, you may pay X energy. If you do, play that kizen here to use as yours. It costs nothing to play."	"Despite his official assignment, Grem Holden’s real mission is to identify kizen and report their movements to Rathe"
3291fe03-6a8c-4391-9dd3-3a910715db1f	Rev A Shrouds	https://warstcg.org//img/2/WARS-EN02020.jpg	normal	CHARACTER	Nowhere to Hide	4	f503fc45-3379-4d7d-907c-106b7fcf7e08	2C20	Earther	CHARACTER • XeLabs • Warrior • Unit	4	1	1 Earther		5	2	5	"As long as you have a card stacked on your stockpile asset, this character is tactics +2."	The first several volunteers never reappeared. That might explain the bumps at night.
dbe9f7bc-4c84-46e0-88b7-216c5cea05ef	?Rogan Hallard	https://warstcg.org//img/2/WARS-EN02021.jpg	normal	CHARACTER	Nowhere to Hide	4	f503fc45-3379-4d7d-907c-106b7fcf7e08	2R21	Earther	CHARACTER • XeLabs • Warrior • Inverter • Unit	5	3	3 Earther		3/2	4/4	5/4	Piloting 2 • Invert this character ? Undamage your target character in a battle here./ Piloting 2	"As captain of the Shadowsurfer, the last thing Hallard needs on a mission to the Rim is a boatful of new recruits. That’s why the Rangers provide him with seasoned veterans."
3cb005ed-1833-4f92-92e7-8265f510ea7e	?Shadowsurfer	https://warstcg.org//img/2/WARS-EN02022.jpg	normal	SHIP	Nowhere to Hide	4	f503fc45-3379-4d7d-907c-106b7fcf7e08	2R22	Earther	SHIP (Capacity 3) • XeLabs • Capital	4	1	3 Earther		3	2	5	"Captain - Rogan Hallard (As long as Rogan Hallard is aboard this ship, this ship and each unit aboard it is immune to attrition.) This ship can’t be targeted by your opponent."	The Shadowsurfer’s enhancements aren’t available on Yacht Works standard options lists. Its countermeasures package is strictly XeLabs military-grade.
7d2f49e9-bd09-46a8-99b8-cc588f756489	?Sheria Coreg	https://warstcg.org//img/2/WARS-EN02023.jpg	normal	CHARACTER	Nowhere to Hide	4	f503fc45-3379-4d7d-907c-106b7fcf7e08	2R23	Earther	CHARACTER • Kizen • CGC • Warrior • Unit	2	4	2 Earther		2	2	4	"When this character enters play, you may look at the top card of any reserve. If you do, you may put that card beneath its owner’s reserve. • Pay 1 energy ? Put the top card of any reserve beneath that reserve."	“Today we stopped reading the books. Tomorrow we start writing them. The stars are our destiny. Now’s the time to earn what’s truly ours.”
6888d50d-e157-4460-8cdd-d28596a2240f	Terms of the Deal	https://warstcg.org//img/2/WARS-EN02024.jpg	normal	ASSET	Nowhere to Hide	4	f503fc45-3379-4d7d-907c-106b7fcf7e08	2R24	Earther	ASSET	0	3	2 Earther					"You may play this asset any time you could play an interrupt. When you play this asset during a battle that you are losing, reduce your casualties in that battle by 8. Each time your opponent performs an activation action, he or she may activate 2 more energy."	"Once you close a deal with the Mavs, it’s good business to get the hell out."
f7623d33-bc71-4f85-9289-349e6feb1c7e	?Traginium Surplus	https://warstcg.org//img/2/WARS-EN02025.jpg	normal	ASSET	Nowhere to Hide	4	f503fc45-3379-4d7d-907c-106b7fcf7e08	2U25	Earther	ASSET • Stockpile	0	6	2 Earther					"• Pay 1 energy ? If there is no card stacked here, your opponent loses 1 energy and stacks that card face down on this asset."	“Somehow they think whatever we have here is hot.”
c9a6dcd5-b7cd-4228-97bb-907a282a74ef	Watch Your Back	https://warstcg.org//img/2/WARS-EN02026.jpg	normal	ORDER	Nowhere to Hide	4	f503fc45-3379-4d7d-907c-106b7fcf7e08	2U26	Earther	ORDER (Used)	0	3	2 Earther					Play a kizen. It costs 1 less energy to play for each other kizen you have in play.	The gurus under Rathe’s command are trained to sense the presence of fellow kizen.
ddda2bd3-67e1-46d5-b21d-bd7fd07b6699	?XeLabs Type IV	https://warstcg.org//img/2/WARS-EN02027.jpg	normal	SHIP	Nowhere to Hide	4	f503fc45-3379-4d7d-907c-106b7fcf7e08	2R27	Earther	SHIP (Capacity 1) • XeLabs • Fighter	2	3	3 Earther		2	1	5	• Lose 3 energy ? Put target ship here in its owner’s hand. You may use this ability only during your move phase. You can’t use this ability the turn this ship comes into play.	She’s got the scanners and sampling equipment as well as enough firepower for a standup fight.
6cd0549a-24ab-4016-a476-14b0352856f6	XeRacer	https://warstcg.org//img/2/WARS-EN02028.jpg	normal	SHIP	Nowhere to Hide	4	f503fc45-3379-4d7d-907c-106b7fcf7e08	2C28	Earther	SHIP (Capacity 2) • XeLabs • Fighter	3	3	1 Earther		3	2	4	"You may play this ship at full cost to a sector where a battle is taking place any time you could play an interrupt. If you do, lose 1 energy."	“Make sure some of the Racers are on station in the Belt. We might need them to throw some light.” – Rogan Hallard
18315a30-20eb-4998-8149-d25744ebcd0c	Z-Level Gurus	https://warstcg.org//img/2/WARS-EN02029.jpg	normal	INTERRUPT	Nowhere to Hide	4	f503fc45-3379-4d7d-907c-106b7fcf7e08	2R29	Earther	INTERRUPT (Lost)	0	6	3 Earther					"As an additional cost to play this interrupt, pay X energy. You cause attrition +X at target location where a battle is taking place."	The strategic coordinators assigned to help Howler’s troops rely on special abilities for what technology cannot provide.
8a760b9e-a6fb-49ec-a1f7-d4f7022fbce8	?Cheng Lin	https://warstcg.org//img/2/WARS-EN02030.jpg	normal	CHARACTER	Nowhere to Hide	4	f503fc45-3379-4d7d-907c-106b7fcf7e08	2R30	Gongen	CHARACTER • Ikazuchi • Tech • Warrior • Unit	3	1	2 Gongen		3	3	4	"Each time one of your vehicles here is destroyed, you may put that vehicle on top of its owner’s used pile. You may use this ability only once each turn."	"“The manual says, ‘If you cannot repair the vehicle as well as you drive it, then you are a failure to your master,’ but have you ever seen a Gunso try to change a coupling?”"
5c557b76-9fc4-43fd-85ec-c537f3bdc17a	Combat Support T.S.V.	https://warstcg.org//img/2/WARS-EN02031.jpg	normal	VEHICLE	Nowhere to Hide	4	f503fc45-3379-4d7d-907c-106b7fcf7e08	2U31	Gongen	VEHICLE • Ikazuchi • Unit	3	4	2 Gongen		2	1	3	"Size 3, Transport 4 When this vehicle enters play at a site where you have a bot or another vehicle, you may retrieve a card."	Ikazuchi commanders relied on these vehicles to provide fire support for the attack on the Ganymede Earther base.
428a1140-e095-4f98-a460-059a3bfeb47a	Dance of Steel	https://warstcg.org//img/2/WARS-EN02032.jpg	normal	ASSET	Nowhere to Hide	4	f503fc45-3379-4d7d-907c-106b7fcf7e08	2R32	Gongen	ASSET	2	4	2 Gongen					"Each time you reveal a card for battle destiny, you may retrieve a card for each of your opponent’s damaged units in that battle."	"A skilled swordsman can use a weapon’s reach, weight, and edge to defeat even the most hardened foe."
f00571f3-f7ae-42cc-922c-8acae00c7c72	Defensive Fire	https://warstcg.org//img/2/WARS-EN02033.jpg	normal	INTERRUPT	Nowhere to Hide	4	f503fc45-3379-4d7d-907c-106b7fcf7e08	2U33	Gongen	INTERRUPT (Lost)	0	5	1 Gongen					Each Ikazuchi unit is defense +4 until end of turn.	Overlapping fields of fire make approach difficult.
04cca0c8-3c11-4b5a-a26b-5ea33e85fce7	Gishi Combat Tech	https://warstcg.org//img/2/WARS-EN02034.jpg	normal	CHARACTER	Nowhere to Hide	4	f503fc45-3379-4d7d-907c-106b7fcf7e08	2U34	Gongen	CHARACTER • Deigan • Tech • Unit	2	1	1 Gongen		1	2	2	Damage this character ? Put your target bot here or your target vehicle here in its owner’s hand. You may use this ability only during a battle here.	Fusion generators require skilled engineers like Yoro Tosunta to keep them in tune.
41b37766-0e20-4989-bd78-0171458780dc	Gunso Squad Leader	https://warstcg.org//img/2/WARS-EN02035.jpg	normal	CHARACTER	Nowhere to Hide	4	f503fc45-3379-4d7d-907c-106b7fcf7e08	2C35	Gongen	CHARACTER • Deigan • Warrior • Unit	3	3	1 Gongen		3	2	3	• Pay 4 energy ? Your target character at this site can’t be damaged until end of turn.	Hisumi Taro is one of many Deigan sergeants respected throughout the Gongen armies.
4152e095-dbd8-4c24-85c7-29bf8f9591ff	Hailstorm Blaster	https://warstcg.org//img/2/WARS-EN02036.jpg	normal	WEAPON	Nowhere to Hide	4	f503fc45-3379-4d7d-907c-106b7fcf7e08	2R36	Gongen	WEAPON (NoBot) • Ranged	1	6	3 Gongen					"This NoBot is defense +4. •• Pay 2 energy ? Choose target unit your opponent has in a site battle here. Reveal the top two cards of your reserve, choose one and note its destiny, and put them on top of your used pile in any order. Damage target if its defense < that destiny."	“The Shi taught the Quay to hate water. The NoBot kouhyou weapon taught them to fear it.”
84eeb046-17be-47fc-939d-7f6f91803066	?Hannya	https://warstcg.org//img/2/WARS-EN02037.jpg	normal	NOBOT	Nowhere to Hide	4	f503fc45-3379-4d7d-907c-106b7fcf7e08	2R37	Gongen	NOBOT• Deigan • Inverter • Bot • Unit	5	4	3 Gongen		4/10	3/2	10/5	"Lose 3 energy ? Invert this NoBot/ When you invert this NoBot in a site battle here, you cause attrition + [D] here."	Serpent demon Hannya and noble lady Deigan are two sides of the same personality in No theatre.
05980814-23b2-478c-a378-13417663b2a4	Ikazuchi Follower	https://warstcg.org//img/2/WARS-EN02038.jpg	normal	CHARACTER	Nowhere to Hide	4	f503fc45-3379-4d7d-907c-106b7fcf7e08	2C38	Gongen	CHARACTER • Ikazuchi • Warrior • Unit	3	3	2 Gongen		2	2	3	"As long as this character is damaged, it is power +2"	“In your might and glory I place my hand. Guide my weapon in your service.” – Kazui Oko
75cc6d5f-9078-4c4b-8a04-5bb352f4ce57	Ikazuchi Technician	https://warstcg.org//img/2/WARS-EN02039.jpg	normal	CHARACTER	Nowhere to Hide	4	f503fc45-3379-4d7d-907c-106b7fcf7e08	2C39	Gongen	CHARACTER • Ikazuchi • Tech • Unit	3	3	2 Gongen		1	2	3	"When this character is destroyed during a site battle, you may put it on top of its owner’s used pile."	Combat-grade techs like Yasa Tamaro are able to repair vehicles in dangerous conditions.
e05ed66d-1222-4259-a573-40e73ff68c23	Indomitable Will	https://warstcg.org//img/2/WARS-EN02040.jpg	normal	ASSET	Nowhere to Hide	4	f503fc45-3379-4d7d-907c-106b7fcf7e08	2C40	Gongen	ASSET (Kizen)	0	6	1 Gongen					"You can’t play more than one copy of this asset beneath the same kizen. As long as this kizen is at a site, each time you drain here and you have no other units here, you may retrieve a card."	"“The strength of a pure spirit can empower the body to fight on after death.” – Higen Shijin, The Great Journey"
f530c942-3618-452d-90e5-9b07d9fce5dd	Jikoku Interceptor	https://warstcg.org//img/2/WARS-EN02041.jpg	normal	SHIP	Nowhere to Hide	4	f503fc45-3379-4d7d-907c-106b7fcf7e08	2C41	Gongen	SHIP (Capacity 0) • Tenno • Fighter	2	5	2 Gongen		1	3	2	This ship is defense +1 for each of your other ships here.	Enhanced AI onboard these ships allows them to perform an elaborate defensive stratagem.
d0e7c11f-72bf-4ee4-868a-2c3ba4b82645	?Kayu Gekkane	https://warstcg.org//img/2/WARS-EN02042.jpg	normal	CHARACTER	Nowhere to Hide	4	f503fc45-3379-4d7d-907c-106b7fcf7e08	2U42	Gongen	CHARACTER • Deigan • Warrior • Unit	3	3	1 Gongen		3	2	5	"As long as this character is at a site and your opponent has fewer than three units here, he or she can’t reveal a card for battle destiny in a battle here."	Gekkane realized that only decisive action could protect the Ganymede base against the rampaging Quay.
266e4a6b-f2a7-4414-bb85-022331f291de	Komoku Interceptor	https://warstcg.org//img/2/WARS-EN02043.jpg	normal	SHIP	Nowhere to Hide	4	f503fc45-3379-4d7d-907c-106b7fcf7e08	2U43	Gongen	SHIP (Capacity 0) • Tenno • Fighter	4	3	2 Gongen		1	3	2	Each of your other ships here that has “Komoku” in its title is immune to attrition.	"Since the War of Independence, a new fighter design has been produced"
2d9bc53d-3dfc-4b65-a44e-e49deef8fd6d	Last Stand	https://warstcg.org//img/2/WARS-EN02044.jpg	normal	INTERRUPT	Nowhere to Hide	4	f503fc45-3379-4d7d-907c-106b7fcf7e08	2U44	Gongen	INTERRUPT (Lost)	2	2	2 Gongen					Reduce your casualties by 5 for each of your ? support icons at target location where a battle is taking place.	“We must defend the lifeblood of our NoBot champions.”
e8cb07d5-83db-4dce-b3eb-11a88c241f17	Rapid Fire	https://warstcg.org//img/2/WARS-EN02045.jpg	normal	ASSET	Nowhere to Hide	4	f503fc45-3379-4d7d-907c-106b7fcf7e08	2U45	Gongen	ASSET (Character)	1	6	1 Gongen					"This character is defense +2. If this character doesn’t have quickdraw, this character gains Quickdraw 1."	Medium range plasma cannons are deployed to clear the way for NoBots as they rush into battle.
7a17881b-ba00-4d7c-85a6-84599cfa603b	Strength of Arms	https://warstcg.org//img/2/WARS-EN02046.jpg	normal	ASSET	Nowhere to Hide	4	f503fc45-3379-4d7d-907c-106b7fcf7e08	2R46	Gongen	ASSET	1	5	1 Gongen					"Each time your Deigan unit is destroyed, if there are no cards stacked here, you may stack that unit on this asset. Lose a card from your hand ? Put target card stacked here in your hand. You may use this ability only during your deploy phase."	One warrior fights like two. Two fight like ten. Ten fight like a hundred.
42643da9-4078-4278-8032-ad4aa162f094	Sword Wall	https://warstcg.org//img/2/WARS-EN02047.jpg	normal	INTERRUPT	Nowhere to Hide	4	f503fc45-3379-4d7d-907c-106b7fcf7e08	2R47	Gongen	INTERRUPT (Lost)	1	4	2 Gongen					"For each asset in play, that asset’s owner must choose to either lose 2 energy or dismiss that asset."	"Unlike firearms, Ikazuchi swords provide defense as well as attack."
dad4b00c-2899-46ff-ba16-57a924d1b5f0	?Tachikaze	https://warstcg.org//img/2/WARS-EN02048.jpg	normal	SHIP	Nowhere to Hide	4	f503fc45-3379-4d7d-907c-106b7fcf7e08	2R48	Gongen	SHIP (Capacity 6) • Tenno • Capital	3	3	2 Gongen		4	3	5	"Transport 4 (Each time this ship moves, you may move with it up to four of your fighters.) ••• Pay 1 energy ? Make your target ship here defense +1 until end of turn."	"“Like the wind from a katana’s stroke, like the last breath of our enemies.” – Tenryu naming ceremony, 2389"
e7987add-7a09-4e29-86de-dfd535dab62b	Takumi Shadow Warriors	https://warstcg.org//img/2/WARS-EN02049.jpg	normal	CHARACTER	Nowhere to Hide	4	f503fc45-3379-4d7d-907c-106b7fcf7e08	2R49	Gongen	CHARACTER • Deigan • Warrior • Unit	4	1	3 Gongen		5	3	4	Quickdraw 1 (Add a • to each activated ability on a weapon beneath this character that already has one.) This character may have two weapons beneath it.	"Living in darkness, kagemusha cloud their individuality to intensify their might."
a17cc79d-55ec-44e3-a9fc-063f420d5290	Tamon Interceptor	https://warstcg.org//img/2/WARS-EN02050.jpg	normal	SHIP	Nowhere to Hide	4	f503fc45-3379-4d7d-907c-106b7fcf7e08	2C50	Gongen	SHIP (Capacity 0) • Tenno • Fighter	2	3	2 Gongen		1	3	2	"When this ship is destroyed, you may put it on top of its owner’s used pile."	The new Gongen fighters are designed to combat technology from the other side of the rift.
21978d3a-530a-4fa1-b25d-a6d32dd20e1d	Tataki Commander	https://warstcg.org//img/2/WARS-EN02051.jpg	normal	CHARACTER	Nowhere to Hide	4	f503fc45-3379-4d7d-907c-106b7fcf7e08	2U51	Gongen	CHARACTER • Deigan • Warrior • Unit	3	3	2 Gongen		4	2	1	• Pay 1 energy ? Move this character to target adjacent site where a battle is taking place. You may use this ability only during your opponent’s turn.	Deigan assault warriors are known for their devotion to leaders like Namaru Komo. Veterans hold a revered place in Gongen society.
a70a4b84-9fed-4ad0-a5b4-3587eefc87ac	?Tennaru Hari	https://warstcg.org//img/2/WARS-EN02052.jpg	normal	CHARACTER	Nowhere to Hide	4	f503fc45-3379-4d7d-907c-106b7fcf7e08	2R52	Gongen	CHARACTER • Kizen • Ikazuchi • Unit	4	4	3 Gongen		4	4	4	"Quickdraw 2 (Add two • to each activated ability on a weapon beneath this character that already has one.) As long as this character has a weapon beneath him, he can’t be damaged."	"“A fallen comrade at your back only strengthens your footing. A fallen army behind you makes you invincible.”- Sido, Gongen Philosopher"
45a43ec5-b9bf-4ab3-bf87-31592d82eadd	Thunder-Edge Greatsword	https://warstcg.org//img/2/WARS-EN02053.jpg	normal	WEAPON	Nowhere to Hide	4	f503fc45-3379-4d7d-907c-106b7fcf7e08	2C53	Gongen	WEAPON (Character) • Melee	2	1	1 Gongen					"When the character this weapon is beneath is destroyed, you may put this weapon in its owner’s hand. • Pay 1 energy ? Choose target unit your opponent has in a site battle here. Damage target if its defense < [D] + 2."	This two-meter monomolecular blade trades speed for striking power.
7051cd0d-400f-479c-a887-b43fe1a12415	?Traginium Cache	https://warstcg.org//img/2/WARS-EN02054.jpg	normal	ASSET	Nowhere to Hide	4	f503fc45-3379-4d7d-907c-106b7fcf7e08	2U54	Gongen	ASSET • Stockpile	0	6	2 Gongen					"• Pay 1 energy ? If you have two fighters at the same sector and there are fewer than two cards stacked here, your opponent loses 1 energy and stacks that card face down on this asset. You may use this ability only during your deploy phase."	"Once the needs of the NoBots became evident, the Gongen began to covet other traginium sources."
e9498481-ada8-4205-9ee3-8bba1ff49b2a	Transport Aide	https://warstcg.org//img/2/WARS-EN02055.jpg	normal	CHARACTER	Nowhere to Hide	4	f503fc45-3379-4d7d-907c-106b7fcf7e08	2C55	Gongen	CHARACTER • Ikazuchi • Tech • Unit	4	2	1 Gongen		3	3	3	"When this character enters play, if you have a card stacked on your stockpile asset, you may take target vehicle from your lost pile into your hand."	"Equipped with the proper gear, techs like Miu Zhihuan are able to move dangerous materials on hazardous planets."
be715059-f091-411d-9a0b-50167f657198	•Unbidden Martyr	https://warstcg.org//img/2/WARS-EN02056.jpg	normal	ORDER	Nowhere to Hide	4	f503fc45-3379-4d7d-907c-106b7fcf7e08	2R56	Gongen	ORDER (Lost)	2	6	3 Gongen					"As an additional cost to play this order, remove your target kizen from the game . Retrieve X cards, where X is the energy cost of target. Remove this card from the game."	"As a well-spent day brings happy sleep, so life well used brings happy death.” – Leonardo da Vinci"
3a29031e-ea6f-4f49-ab38-f0db293368c2	Zocho Interceptor	https://warstcg.org//img/2/WARS-EN02057.jpg	normal	SHIP	Nowhere to Hide	4	f503fc45-3379-4d7d-907c-106b7fcf7e08	2C57	Gongen	SHIP (Capacity 0) • Tenno • Fighter	2	4	2 Gongen		1	3	2	This ship is power +1 for each of your opponent’s ships here.	The interceptor model features almost 1G more thrust than previous Gongen designs.
8b49d7d5-ff07-4ae0-9c6d-f05b6f4e1955	?Aris Thantos	https://warstcg.org//img/2/WARS-EN02058.jpg	normal	CHARACTER	Nowhere to Hide	4	f503fc45-3379-4d7d-907c-106b7fcf7e08	2R58	Maverick	CHARACTER • Accord • Rogue • Unit	4	1	2 Maverick		3	2	5	"Each time you drain here for X, you may make your opponent reveal X cards from the top of his or her reserve. Choose a revealed card to be lost. Your opponent puts the other revealed cards on top of his or her reserve in any order."	"""At last year’s Jove Invitational, I turned a handful of creds and a little info into a share of the winner’s loot.”"
ec842b71-2c7d-4f2b-ab0a-a1ec44ee85d6	"?""Battleaxe"" Boden"	https://warstcg.org//img/2/WARS-EN02059.jpg	normal	CHARACTER	Nowhere to Hide	4	f503fc45-3379-4d7d-907c-106b7fcf7e08	2R59	Maverick	CHARACTER • Hellcats • Tech • Unit	3	5	3 Maverick		3	2	4	"Piloting 2 (As long as this character is aboard a ship, that ship is power +2 and tactics +2.) • Pay 3 energy ? Move target ship this character is aboard. You may use this ability only during your deploy phase."	"Three things she can’t stand: downtime for repairs, customs frigates, and lousy Reds."
72500b60-fc17-47f5-b846-3118ea7610ad	Begging for Mercy	https://warstcg.org//img/2/WARS-EN02060.jpg	normal	INTERRUPT	Nowhere to Hide	4	f503fc45-3379-4d7d-907c-106b7fcf7e08	2R60	Maverick	INTERRUPT (Lost)	0	5	1 Maverick					"Choose a number and reveal the top card of your opponent’s reserve. If that card’s destiny is equal to the chosen number, draw up to five cards from your reserve."	"“Wealth is the parent of luxury and indolence, and poverty of meanness and viciousness, and both of discontent.” – Plato"
d3be58ca-2369-49c7-b471-de2165f8fcbc	Belt Runner	https://warstcg.org//img/2/WARS-EN02061.jpg	normal	SHIP	Nowhere to Hide	4	f503fc45-3379-4d7d-907c-106b7fcf7e08	2C61	Maverick	SHIP (Capacity 1) • Cartel • Fighter	3	3	1 Maverick		3	3	3	"When this ship enters play, if you have a card stacked on your stockpile asset, you may put up to two cards from your hand on top of your reserve in any order."	"When you absolutely, positively, have to get data back to Europa in twenty hours or less."
6f590ba4-c466-4fd9-81f5-f3bdadffdcb9	Careless Cat	https://warstcg.org//img/2/WARS-EN02062.jpg	normal	CHARACTER	Nowhere to Hide	4	f503fc45-3379-4d7d-907c-106b7fcf7e08	2U62	Maverick	CHARACTER • Hellcats • Tech • Unit	2	3	2 Maverick		2	2	3	"Quickdraw 1 (Add a • to each activated ability on a weapon beneath this character that already has one.) As long as this character has a weapon beneath her, you generate 2 more energy here."	"Flameout Jackson says that fuel tanks are for emptying. Her throttle has only two settings, off and wide open."
3e84f9d4-6f5a-440f-9caf-0265f5e55212	?Cat's Claw	https://warstcg.org//img/2/WARS-EN02063.jpg	normal	SHIP	Nowhere to Hide	4	f503fc45-3379-4d7d-907c-106b7fcf7e08	2R63	Maverick	SHIP (Capacity 1) • Hellcats • Inverter • Fighter	3	2	3 Maverick		2/4	1/1	5/5	"Each time you play a character who has piloting aboard this ship, you may invert this ship./ Captain – Killer Cait Grimalkin • Pay 3 energy ? Draw two cards from your reserve."	No Earther convoy wants to see the Claw show up with Killer Cait mousing around.
eb79ed7e-d209-4059-8b48-5e163a9dec2a	Chameleon	https://warstcg.org//img/2/WARS-EN02064.jpg	normal	ASSET	Nowhere to Hide	4	f503fc45-3379-4d7d-907c-106b7fcf7e08	2R64	Maverick	ASSET	4	0	2 Maverick					• Lose 2 energy from your hand ? Activate 3 energy. You may use this ability only during your turn.	The decrepitude of Cartel ships can provide perfect cover in the right situation.
0c6fb128-3594-4d25-8c63-660441c12ec1	?Cribber	https://warstcg.org//img/2/WARS-EN02065.jpg	normal	CHARACTER	Nowhere to Hide	4	f503fc45-3379-4d7d-907c-106b7fcf7e08	2C65	Maverick	CHARACTER • Cartel • Bot • Unit	2	6	1 Maverick		2	3	3	"Each time a player reveals a card for battle destiny during a battle here, you may pay energy equal to the destiny of the card revealed. If you do, that player reveals another card for battle destiny instead. You may use this ability no more than once each turn."	"I’m a VisiTech model 770 bot. We can track more than a dozen independent targets, even while moving through a noisy club.”"
d29c9d43-1b7d-441c-8059-70d7b5ed2cfb	Darkslider	https://warstcg.org//img/2/WARS-EN02066.jpg	normal	SHIP	Nowhere to Hide	4	f503fc45-3379-4d7d-907c-106b7fcf7e08	2C66	Maverick	SHIP (Capacity 1) • Cartel • Inverter • Fighter	2	4	2 Maverick		2/3	1/1	3/4	"• Pay 4 energy ? Invert this ship. / Each time you reveal a card for battle destiny during a battle here, you may revert this ship. If you do, make that card’s destiny +2"	“Make sure that turret can spin three-sixty. You never know who your friends are out here.”
50160955-ecd5-4b1a-aa71-b14bde6a85cc	Death Dealer	https://warstcg.org//img/2/WARS-EN02067.jpg	normal	SHIP	Nowhere to Hide	4	f503fc45-3379-4d7d-907c-106b7fcf7e08	2C67	Maverick	SHIP (Capacity 0) • Hellcats • Inverter • Fighter	3	3	1 Maverick		2/2	2/2	4/4	"• Pay 4 energy ? If this ship is at a sector that has a [Maverick] support icon on your side, invert it. / • Revert this ship ? Damage target ship in a sector battle here."	Not all Maverick ships are designed for running.
e9ab9b4a-b8b7-4026-b7ff-ad5ad9cdd55b	Do Not Push	https://warstcg.org//img/2/WARS-EN02068.jpg	normal	ASSET	Nowhere to Hide	4	f503fc45-3379-4d7d-907c-106b7fcf7e08	2U68	Maverick	ASSET	2	4	2 Maverick					Each interrupt costs 3 more energy to play.	Seriously. Don’t.
177c45bc-6a28-404c-9111-12ef40258b54	?Empty Heart	https://warstcg.org//img/2/WARS-EN02069.jpg	normal	ASSET	Nowhere to Hide	4	f503fc45-3379-4d7d-907c-106b7fcf7e08	2U69	Maverick	ASSET • Evidence	2	5	1 Maverick					"Each time your total battle destiny is exactly 1 at the end of the battle destiny step, you may make target character power +3 until end of turn for each of your evidence assets. • Pay 2 energy ? Put this asset on top of your reserve."	“You could buy a year’s worth of air and coolant on Mercury with this information.” – Pepper Tokarates
f42d4a2f-0db4-4289-8b14-7e7ebab86e08	•Field Report	https://warstcg.org//img/2/WARS-EN02070.jpg	normal	INTERRUPT	Nowhere to Hide	4	f503fc45-3379-4d7d-907c-106b7fcf7e08	2R70	Maverick	INTERRUPT (Lost)	1	3	2 Maverick					"Make target pending drain at a location where you have no energy icons +X, where X is the number of evidence assets you have +1."	Pepper and Flameout settled their debts to The Gambler with evidence gathered from the Deigan base.
39eccf3a-39b7-44b2-9d68-23c957ee5ebd	Fortune Seeker	https://warstcg.org//img/2/WARS-EN02071.jpg	normal	CHARACTER	Nowhere to Hide	4	f503fc45-3379-4d7d-907c-106b7fcf7e08	2C71	Maverick	CHARACTER • Cartel • Warrior • Unit	3	1	1 Maverick		3	1	4	"When this character enters play, you may reveal the top three cards of your reserve and replace them in any order."	Pepper Tokarates hopes to pay off her new eyes with data scrounged from the abandoned Deigan mines.
30b41443-5831-4e66-bd6b-74272c22ca5a	Gray Market Middleman	https://warstcg.org//img/2/WARS-EN02072.jpg	normal	CHARACTER	Nowhere to Hide	4	f503fc45-3379-4d7d-907c-106b7fcf7e08	2C72	Maverick	CHARACTER • Cartel • Rogue • Unit	3	2	1 Maverick		2	2	3	"Quickdraw 1 (Add a • to each activated ability on a weapon beneath this character that already has one.) When this character enters play, you may reveal the top card of your used pile. If you do, you may put that card on top of your reserve."	Need a gun? Fuel? Air? Slick Tommy Jianbua can help you out. He asks only a nominal fee to cover expenses.
979d0ac6-abc7-408f-bffb-3ef480aeb2ff	?Inquiry	https://warstcg.org//img/2/WARS-EN02073.jpg	normal	ASSET	Nowhere to Hide	4	f503fc45-3379-4d7d-907c-106b7fcf7e08	2U73	Maverick	ASSET • Evidence	0	1	1 Maverick					"Each time your total battle destiny is exactly 3 at the end of the battle destiny step, you may draw a card from your reserve for each of your evidence assets. • Pay 0 energy ? Put this asset on top of your reserve."	“There’s got to be something down here. Why else would so many Gongs have died to defend it?” – Flameout Jackson
fdaeb031-53c3-4c5e-a0ee-8efeaeecdd85	?Joker Danniko	https://warstcg.org//img/2/WARS-EN02074.jpg	normal	CHARACTER	Nowhere to Hide	4	f503fc45-3379-4d7d-907c-106b7fcf7e08	2R74	Maverick	CHARACTER • Kizen • Cartel • Unit	3	2	3 Maverick		4	4	5	"Quickdraw 1 (Add a • to each activated ability on a weapon beneath this character that already has one.) As long as this character has a weapon beneath her, she is immune to attrition and each of your drains here is +1."	"Armed and dangerous, Joker is someone to keep an eye on while you’re having a drink at the Nest."
eaebe34b-de3f-489d-9233-ca4a13217159	?Jovian Standoff	https://warstcg.org//img/2/WARS-EN02075.jpg	normal	ASSET	Nowhere to Hide	4	f503fc45-3379-4d7d-907c-106b7fcf7e08	2R75	Maverick	ASSET (Unit)	2	7	3 Maverick					"Dismiss this asset ? If this unit is at a site, make target pending drain here +3. When you reveal this card for battle destiny, lose 3 energy."	Sitting at the table with The Gambler often brings either a great blessing or a terrible price. Sometimes it’s hard to tell one from the other.
c18be137-d9cc-44bf-a920-3bf7820df823	Little Nelly	https://warstcg.org//img/2/WARS-EN02076.jpg	normal	VEHICLE	Nowhere to Hide	4	f503fc45-3379-4d7d-907c-106b7fcf7e08	2C76	Maverick	VEHICLE • Cogs • Unit	3	3	1 Maverick		1	1	5	"Size 2, Transport 2 This vehicle is power +1 for each energy icon on your side of this location."	"Cogs never stop wrenching on their machines, the fastest in the Sol System."
ddc12fab-5251-4250-9dc0-ebb567f2f571	Long Odds	https://warstcg.org//img/2/WARS-EN02077.jpg	normal	INTERRUPT	Nowhere to Hide	4	f503fc45-3379-4d7d-907c-106b7fcf7e08	2R77	Maverick	INTERRUPT (Lost)	1	3	2 Maverick					"Reveal the bottom card of your reserve, note its destiny and put it on top of your used pile. Reveal the top X cards of your opponent’s used pile, where X is that destiny. Put target revealed card in its owner’s lost pile, and put the other cards on top of your opponent’s used pile an any order."	"When the threat level goes red, that’s when you begin to feel alive."
ba4f05e1-6f5d-46de-b3ae-2616c9433062	Max Retros	https://warstcg.org//img/2/WARS-EN02078.jpg	normal	INTERRUPT	Nowhere to Hide	4	f503fc45-3379-4d7d-907c-106b7fcf7e08	2R78	Maverick	INTERRUPT (Lost)	1	4	1 Maverick					"As an additional cost to play this interrupt, revert your inverter ship or your inverter unit at the location of target pending attack. Cancel that attack."	Pulling 4Gs of reverse thrust in a hog like the Rugged Empty is no picnic.
d8312c07-6759-43fd-aff1-e980caad6979	?Reliquaries	https://warstcg.org//img/2/WARS-EN02079.jpg	normal	ASSET	Nowhere to Hide	4	f503fc45-3379-4d7d-907c-106b7fcf7e08	2U79	Maverick	ASSET • Evidence	1	3	1 Maverick					"Each time your total battle destiny is exactly 5 at the end of the battle destiny step, you may put a card from your hand beneath your reserve for each of your evidence assets. • Pay 1 energy ? Put this asset on top of your reserve."	“Analysis of the containment vessel reveals atypical magnetic and gravitic residues.” – Deigan lab report
93fdc51b-68d9-450b-8057-14f8bb89b010	?Rugged Empty	https://warstcg.org//img/2/WARS-EN02080.jpg	normal	SHIP	Nowhere to Hide	4	f503fc45-3379-4d7d-907c-106b7fcf7e08	2U80	Maverick	SHIP (Capacity 0) • Cartel • Inverter • Fighter	1	3	2 Maverick		2/1	1/1	3/3	"Each time you win a battle here, you may invert this ship./ Revert this ship ? Make target pending drain here +2."	This model’s got lots of compartments. Useful for my boys’ small package trade.” – The Gambler
eac64ba5-a3fd-47e6-9c16-31bcead75694	Snap Switch	https://warstcg.org//img/2/WARS-EN02081.jpg	normal	INTERRUPT	Nowhere to Hide	4	f503fc45-3379-4d7d-907c-106b7fcf7e08	2R81	Maverick	INTERRUPT (Lost)	0	6	1 Maverick					"Until end of turn, switch tactics and defense of target character at same location as your kizen . (Effects that alter target’s tactics alter its defense instead, and vice versa, until end of turn.)"	“Is that even possible?”
ac459e72-510a-411c-afac-324cbfa8d7a7	Synched Up	https://warstcg.org//img/2/WARS-EN02082.jpg	normal	ORDER	Nowhere to Hide	4	f503fc45-3379-4d7d-907c-106b7fcf7e08	2U82	Maverick	ORDER (Used)	0	6	1 Maverick					Reveal three target cards from the top of your reserve. Put one of them beneath your active pile and one of them in your lost pile. Put the other card on the top of your reserve.	“Sister Spotweld was Mother Teresa with a wrench and blowtorch.” – Your Life is Already Lost!
19f88557-b336-4084-b77e-5862df16afb8	?Traginium Stash	https://warstcg.org//img/2/WARS-EN02083.jpg	normal	ASSET	Nowhere to Hide	4	f503fc45-3379-4d7d-907c-106b7fcf7e08	2U83	Maverick	ASSET • Stockpile	0	5	2 Maverick					"• Pay 1 energy ? • Pay 1 energy ? If your battle destiny is greater than your opponent’s battle destiny and there are fewer than two cards stacked here, your opponent loses 1 energy and stacks that card face down on this asset. You may only use this ability during a battle after the battle destiny step."	"“Make money, money by fair means if you can, if not, but any means money.” – Horace"
58bae889-1f13-42eb-9ae3-043eae91c9ac	Wagner S70 Plasma Bolter	https://warstcg.org//img/2/WARS-EN02084.jpg	normal	WEAPON	Nowhere to Hide	4	f503fc45-3379-4d7d-907c-106b7fcf7e08	2C84	Maverick	WEAPON (Character) • Ranged	0	3	1 Maverick					• Pay 1 energy ? Choose target unit your opponent has in a site battle here and reveal the bottom card of your reserve. Damage target if its defense < the revealed card’s destiny.	“You’ll shoot your photonic receptor element out!”
5e351cbe-682d-4787-a2a9-9d10af7f255b	Widowmaker	https://warstcg.org//img/2/WARS-EN02085.jpg	normal	SHIP	Nowhere to Hide	4	f503fc45-3379-4d7d-907c-106b7fcf7e08	2C85	Maverick	SHIP (Capacity 0) • Hellcats • Inverter • Fighter	3	3	2 Maverick		3/2	3/2	3/2	• Stack target card in your opponent’s lost pile face down on your stockpile asset ? Invert this ship./ This ship is power +3 for each of your stockpile assets that has one or more cards stacked on it.	Neither the tricky handling nor the nickname scares off ‘Cat pilots.
0d510056-ae57-44da-b419-a249053e4485	Zhang Hotrod	https://warstcg.org//img/2/WARS-EN02086.jpg	normal	VEHICLE	Nowhere to Hide	4	f503fc45-3379-4d7d-907c-106b7fcf7e08	2U86	Maverick	VEHICLE • Cartel • Unit	4	2	1 Maverick		4	1	3	"Size 2, Transport 2 When you play this vehicle, you may put up to two cards from hand on top of your used pile and draw the same number of cards from your reserve."	"Dismissed from Gongen service due to twitchy handling, salvaged Zhangs were re- engineered by Mav techs."
09b9ebb9-1279-413f-9340-0573dd66c886	Alcove of Panacea	https://warstcg.org//img/2/WARS-EN02087.jpg	normal	ASSET	Nowhere to Hide	4	f503fc45-3379-4d7d-907c-106b7fcf7e08	2U87	Shi	ASSET (Location)	2	3	1 Shi					"You may play this asset beneath one of your opponent’s locations. Each time your Tilak character here would be destroyed, you may pay 3 energy. If you do, put that character on top of your reserve instead."	"""When a Crown dies, the Tilak fail.” – Shi axiom"
afd97f94-db14-4de5-b9cd-06b840099a28	?Ashmahi-Anant	https://warstcg.org//img/2/WARS-EN02088.jpg	normal	CHARACTER	Nowhere to Hide	4	f503fc45-3379-4d7d-907c-106b7fcf7e08	2R88	Shi	CHARACTER • Kizen • Crown • Anant • Unit	2	3	1 Shi		1	4	3	Piloting 3 •Pay 4 energy ? Choose target ship your opponent has in a sector battle here. Damage target if its defense < this character’s piloting or tactics.	"""We expected only the metal humans. The appearance of the four-legged rebels, however, changes nothing.”"
b3d6dd4d-4e3f-4999-9705-e6bf97278f2f	Assault Carbine	https://warstcg.org//img/2/WARS-EN02089.jpg	normal	WEAPON	Nowhere to Hide	4	f503fc45-3379-4d7d-907c-106b7fcf7e08	2C89	Shi	WEAPON (Character) • Ranged	0	3	1 Shi					"• Pay 1 energy ? Choose target unit your opponent has in a site battle here. If target’s defense < [D], opponent chooses: Destroy target; or put a card from his or her hand on top of his or her used pile."	A Shi’s choice of weapon is dictated by its opposition. Earther troops can be dispatched with a carbine... most don’t warrant the honor of a vatarma.
83c3ed74-3ce7-4cc9-a569-8994340681f9	Blinding Scream	https://warstcg.org//img/2/WARS-EN02090.jpg	normal	INTERRUPT	Nowhere to Hide	4	f503fc45-3379-4d7d-907c-106b7fcf7e08	2U90	Shi	INTERRUPT (Lost)	0	4	2 Shi					You can’t play this interrupt unless you have a kizen at a location. Your opponent reveals his or her hand and chooses a destiny number on one of the revealed cards. Choose a revealed card with that destiny number and put it on top of his or her used pile.	“Ability HX45: Active disruption of cognitive processes.” – Expanded Awareness Journal
aa20f6d0-1327-4fb4-af11-11f8d5482cbf	Carabinier	https://warstcg.org//img/2/WARS-EN02091.jpg	normal	CHARACTER	Nowhere to Hide	4	f503fc45-3379-4d7d-907c-106b7fcf7e08	2C91	Shi	CHARACTER • Anant • Warrior • Unit	2	3	1 Shi		2	1	3	Quickdraw 1 (Add a • to each activated ability on a weapon beneath this character that already has one.)	"Like many Shi warriors, Durasha is often assigned to protect valuable assets."
f651c7aa-a9e1-4f61-82ed-3430a4ba04f6	Claviger	https://warstcg.org//img/2/WARS-EN02092.jpg	normal	CHARACTER	Nowhere to Hide	4	f503fc45-3379-4d7d-907c-106b7fcf7e08	2U92	Shi	CHARACTER • Anant • Warrior • Unit	4	1	2 Shi		3	2	3	Scouting (You may play this character at a site that has no energy icons on your side.)	Ampatra relies on specialized equipment when tracking escaped Quay.
3c7c33a9-0381-49dd-8df0-f32bfa399ec5	Cornered	https://warstcg.org//img/2/WARS-EN02093.jpg	normal	INTERRUPT	Nowhere to Hide	4	f503fc45-3379-4d7d-907c-106b7fcf7e08	2C93	Shi	INTERRUPT (Used)	0	5	2 Shi					Your opponent causes attrition –4 in a site battle where you have target weapon.	"As the clavigers close in, escapees have nowhere to hide."
7022e8aa-0e24-4d16-9014-fcf46b7ef9a5	Crippled	https://warstcg.org//img/2/WARS-EN02094.jpg	normal	ASSET	Nowhere to Hide	4	f503fc45-3379-4d7d-907c-106b7fcf7e08	2R94	Shi	ASSET	3	2	3 Shi					Each card you play costs one more [Shi] support icon to play. Each of your opponent’s units is defense –1.	The opening gambit of Dhanake-Tilak’s plan called for a quarrel to blunt the XeLabs fighter defenses.
ad6b0622-c9b5-4f75-b9e9-547eed9b8345	Crown Vessel	https://warstcg.org//img/2/WARS-EN02095.jpg	normal	SHIP	Nowhere to Hide	4	f503fc45-3379-4d7d-907c-106b7fcf7e08	2U95	Shi	SHIP (Capacity 3) • Sudeva • Capital	3	2	2 Shi		3	2	5	• Lose 2 energy ? Make this ship and each unit aboard it immune to attrition until end of turn.	“The eyes of the Sudeva see the whole galaxy.” – Shi axiom
9ae1653b-b554-441e-b358-d1b2c99e70c0	?Dhanake-Tilak	https://warstcg.org//img/2/WARS-EN02096.jpg	normal	CHARACTER	Nowhere to Hide	4	f503fc45-3379-4d7d-907c-106b7fcf7e08	2R96	Shi	CHARACTER • Kizen • Crown • Tilak • Unit	2	7	3 Shi		4	5	4	"This character is power +1 for each of your [Shi] support icons. As long as this character is at a site, your opponent causes attrition –1 here for each of your [Shi] support icons."	“First task: recovery of agents. Second task: extinguish evidence.”
d8d5b55b-081a-4f1f-b02e-b2bf99f47415	Eavesdropper	https://warstcg.org//img/2/WARS-EN02097.jpg	normal	INTERRUPT	Nowhere to Hide	4	f503fc45-3379-4d7d-907c-106b7fcf7e08	2U97	Shi	INTERRUPT (Lost)	2	3	2 Shi					"As an additional cost to play this interrupt, damage your target unit that has scouting in a site battle. Make each of your units at that site immune to attrition until end of turn."	The first Tilak to enter XeLabs Yacht Works were trained reconnoiterers.
1335e77e-ae83-4f3e-b1e2-5ef3fbbdd5f9	Few Escape	https://warstcg.org//img/2/WARS-EN02098.jpg	normal	INTERRUPT	Nowhere to Hide	4	f503fc45-3379-4d7d-907c-106b7fcf7e08	2R98	Shi	INTERRUPT (Lost)	5	2	3 Shi					You may play this interrupt only during your move phase. Destroy target ship that has power 3 or less.	Tilak quarrels pursued the XeLabs ships fleeing the Yacht Works.
8d8b9551-602d-4d6e-b468-d35cae02d743	Hastecurrent Pursuer	https://warstcg.org//img/2/WARS-EN02099.jpg	normal	SHIP	Nowhere to Hide	4	f503fc45-3379-4d7d-907c-106b7fcf7e08	2C99	Shi	SHIP (Capacity 1) • Anant • Fighter	4	4	1 Shi		3	1	6	This ship costs 1 less energy to play at a sector for each of your opponent’s inverters at locations related to that sector.	Hastecurrents sent to support Reaper Craft above Ganymede chased off Hellcat ships contracted to defend the Maverick mine.
5e0ea395-018c-455e-90ad-8520f1be4101	Key Keeper	https://warstcg.org//img/2/WARS-EN02100.jpg	normal	CHARACTER	Nowhere to Hide	4	f503fc45-3379-4d7d-907c-106b7fcf7e08	2C100	Shi	CHARACTER • Anant • Warrior • Unit	2	2	2 Shi		3	2	4	"As long as you have a card stacked on your stockpile asset, this character is immune to attrition."	Spineslingers hold no surprises for veteran clavigers tasked with reclaiming them.
e1cdb6f6-7288-407f-8446-7e5303c50a2c	Lifeseeker	https://warstcg.org//img/2/WARS-EN02101.jpg	normal	CHARACTER	Nowhere to Hide	4	f503fc45-3379-4d7d-907c-106b7fcf7e08	2C101	Shi	CHARACTER • Tilak • Tech • Unit	1	3	1 Shi		2	1	3	• Pay 5 energy ? Put target other damaged unit here in its owner’s hand.	"When a patriarch is missing or captured, Asendar and its crew are called upon."
8fa8b296-734d-4fcc-bcce-5d46acda5e47	Ore Alembic	https://warstcg.org//img/2/WARS-EN02102.jpg	normal	CHARACTER	Nowhere to Hide	4	f503fc45-3379-4d7d-907c-106b7fcf7e08	2C102	Shi	CHARACTER • Anant • Tech • Unit	1	2	1 Shi		1	2	3	• Lose a stockpile asset from your hand ? Reduce your casualties in target battle here or at a related location by 2.	Traginium’s importance to rift travel ensures that collection experts like Sanatha are well respected.
e221b5bf-43ad-4d09-9d2b-7ec229b6fce8	Protective Fire	https://warstcg.org//img/2/WARS-EN02103.jpg	normal	INTERRUPT	Nowhere to Hide	4	f503fc45-3379-4d7d-907c-106b7fcf7e08	2U103	Shi	INTERRUPT (Lost)	1	5	2 Shi					Make target ship and each unit aboard it immune to attrition until end of turn.	“Defend the Reaper Craft at all costs!” – Ashmahi-Anant
3e6a956b-5534-4848-839f-29c039f3d8e2	?Rantosh-Anant	https://warstcg.org//img/2/WARS-EN02104.jpg	normal	CHARACTER	Nowhere to Hide	4	f503fc45-3379-4d7d-907c-106b7fcf7e08	2R104	Shi	CHARACTER • Crown • Anant • Unit	5	1	3 Shi		2	3	4	"Piloting 2 As long as this character is aboard your ship and your opponent has no ships here, he or she must lose 2 energy to play a ship here."	“It was no coincidence that Oligarch- Sudhand chose me to command the Ganymede mission. Our balances now stand equal.”
87bf0967-a816-45f3-83a9-541959fd53a7	Reaper Craft	https://warstcg.org//img/2/WARS-EN02105.jpg	normal	SHIP	Nowhere to Hide	4	f503fc45-3379-4d7d-907c-106b7fcf7e08	2R105	Shi	SHIP (Capacity 6) • Tilak • Inverter • Capital	2	4	2 Shi		1/4	1/5	2/5	•Lose a stockpile asset from your hand ? Invert this ship./ • Revert this ship ? Move this ship to another sector.	Collector ships replenish traginium stores that were exhausted with the opening of the rift.
6c8c0516-9b84-443d-a938-20935017ae38	Resolute Quarrel	https://warstcg.org//img/2/WARS-EN02106.jpg	normal	SHIP	Nowhere to Hide	4	f503fc45-3379-4d7d-907c-106b7fcf7e08	2C106	Shi	SHIP (Capacity 1) • Tilak • Fighter	3	3	2 Shi		3	1	6	"When this ship enters play, your opponent puts a card from his or her hand on top of his or her used pile."	“Send in two flights of quarrels to make sure the Vinisha can approach safely.” – Dhanake-Tilak
a312676c-3c04-43f6-8bdf-70883938ac87	Selsyn Maneuver	https://warstcg.org//img/2/WARS-EN02107.jpg	normal	ASSET	Nowhere to Hide	4	f503fc45-3379-4d7d-907c-106b7fcf7e08	2U107	Shi	ASSET (Weapon)	0	3	1 Shi					"Each time an ability on the weapon this asset is beneath damages a ship or unit, the owner of that ship or unit loses 1 energy."	"Over many years, stability within squadrons has bred an awareness akin to telepathy."
72c5937d-522c-433f-91e6-4ecb3254cb2d	Swiftwave Attacker	https://warstcg.org//img/2/WARS-EN02108.jpg	normal	SHIP	Nowhere to Hide	4	f503fc45-3379-4d7d-907c-106b7fcf7e08	2R108	Shi	SHIP (Capacity 1) • Anant • Fighter	3	1	3 Shi		3	1	6	"Captain – Ashmahi-Anant (As long as Ashmahi-Anant is aboard this ship, this ship and each unit aboard it is immune to attrition.) Each character aboard this ship who has piloting gains Piloting 2."	A veteran Swiftwave squadron provided protection for Anant capital ships.
e5198a69-1200-4539-9d50-1803f804e5dd	Target of Opportunity	https://warstcg.org//img/2/WARS-EN02109.jpg	normal	ASSET	Nowhere to Hide	4	f503fc45-3379-4d7d-907c-106b7fcf7e08	2U109	Shi	ASSET	1	5	1 Shi					Each location where you have an Anant character gains a [Shi] support icon.	The Maverick mine on Ganymede was just another barbarian outpost waiting to be conquered.
af8422c0-8296-44ad-8437-7bc01a3ff3f2	Tilak House Guard	https://warstcg.org//img/2/WARS-EN02110.jpg	normal	VEHICLE	Nowhere to Hide	4	f503fc45-3379-4d7d-907c-106b7fcf7e08	2C110	Shi	VEHICLE • FedGrav • Unit	5	3	2 Shi		4	2	4	"When this character enters play, you may draw a card from your reserve."	House guards perform duties beyond their ceremonial responsibilities.
709e798b-364a-4e21-ac99-e2544c80f91d	?Tilak-Vinisha	https://warstcg.org//img/2/WARS-EN02111.jpg	normal	SHIP	Nowhere to Hide	4	f503fc45-3379-4d7d-907c-106b7fcf7e08	2R111	Shi	SHIP (Capacity 6) • Tilak • Inverter • Capital	6	2	3 Shi		4/4	2/2	6/6	"When your opponent plays a ship here or moves a ship to here, you may invert this ship. Each time your opponent loses a ship here and has no more ships here, he or she loses 3 energy."	The flagship of the Tilak fleet was sent to Venus to recover their planted quarrel and its pilot.
b47ec2f2-d3a3-4b41-9db5-7ed0c42160ad	?Traginium Harvest	https://warstcg.org//img/2/WARS-EN02112.jpg	normal	ASSET	Nowhere to Hide	4	f503fc45-3379-4d7d-907c-106b7fcf7e08	2U112	Shi	ASSET • Stockpile	1	3	2 Shi					"Each time an opponent’s battle phase ends, if your opponent didn’t perform an attack action at every location where both players have a ship or unit and there are fewer than two cards stacked here, your opponent loses 1 energy and stacks that card face down on this asset."	"Once their traginium stores are replenished, the Shi will regain the use of rift technology."
515f8be0-b2a4-4f0d-8810-a3b033cf926f	Undercurrents	https://warstcg.org//img/2/WARS-EN02113.jpg	normal	INTERRUPT	Nowhere to Hide	4	f503fc45-3379-4d7d-907c-106b7fcf7e08	2R113	Shi	INTERRUPT (Lost)	1	6	2 Shi					"As an additional cost to play this interrupt, lose 2 energy. Make each opponent’s drain -1 until end of turn."	“The walkers couldn’t see the elaborate trap we set for them on the second planet.” – Vidanar
d62c133b-48a2-4b95-8bb5-39a17ce0b746	?Vidanar	https://warstcg.org//img/2/WARS-EN02114.jpg	normal	CHARACTER	Nowhere to Hide	4	f503fc45-3379-4d7d-907c-106b7fcf7e08	2R114	Shi	CHARACTER • Tilak • Tech • Unit	3	2	1 Shi		2	2	4	"• Lose 1 energy ? Look at the top X cards of your reserve, where X is the number of your [Shi] support icons. Choose one of those cards to put in your hand and put the rest on top of your used pile in any order."	"“The nanites kept it alive, as expected. We do not know what the walkers have done to it.”"
7767621f-a389-43b5-be4a-d8e01f9e62c1	?Anakatika	https://warstcg.org//img/2/WARS-EN02115.jpg	normal	SHIP	Nowhere to Hide	4	f503fc45-3379-4d7d-907c-106b7fcf7e08	2U115	Quay	SHIP (Capacity 1) • Qurim • Fighter	1	3	2 Quay		2	1	3	••• Put two cards from your hand on top of your used pile in any order ? Make this ship power +1 until end of turn.	The elite Anaka squadron led the attack on the Anant flagship.
1034d1b2-6139-49cc-9699-5f86cf6cf35f	Attack Plan	https://warstcg.org//img/2/WARS-EN02116.jpg	normal	INTERRUPT	Nowhere to Hide	4	f503fc45-3379-4d7d-907c-106b7fcf7e08	2C116	Quay	INTERRUPT (Lost)	1	6	2 Quay					Invert your inverter. You may play this interrupt only during your control phase.	The sweetest land is land taken from your enemy. It comes with the satisfaction that you left them a bitter taste.
09b075ef-3549-4cd8-a2b0-a3d415544846	?Banak Ilnasit	https://warstcg.org//img/2/WARS-EN02117.jpg	normal	CHARACTER	Nowhere to Hide	4	f503fc45-3379-4d7d-907c-106b7fcf7e08	2R117	Quay	CHARACTER • Kizen • Qurim • Unit	7	1	3 Quay		4	4	5	"Each time you win a battle here, you may damage target other unit here. If you do, you may undamage this character."	"“Though we are new to the Council, the impact of the Qurim will soon resonate throughout this system.”"
869c3ff3-f570-45d7-999a-15ba7ee856a8	Breaching	https://warstcg.org//img/2/WARS-EN02118.jpg	normal	INTERRUPT	Nowhere to Hide	4	f503fc45-3379-4d7d-907c-106b7fcf7e08	2U118	Quay	INTERRUPT (Used)	0	5	2 Quay					Destroy target unit that doesn’t have piloting at a sector location.	Each item of captured Shi hardware is carefully analyzed by the Qurim.
531dd2a7-f33c-48a6-839e-a354937f0c9f	Clandestine Team	https://warstcg.org//img/2/WARS-EN02119.jpg	normal	CHARACTER	Nowhere to Hide	4	f503fc45-3379-4d7d-907c-106b7fcf7e08	2C119	Quay	CHARACTER • Tahka • Predator • Unit	4	3	1 Quay		4	1	6	• Pay 0 energy ? Move this character to a related location. You may only use this ability during your move phase.	"“Chuluk Squad 4, have you reached your objective?”"
c3f2355a-bc86-483a-8d2c-3e08f2a2e313	Deft Attacker	https://warstcg.org//img/2/WARS-EN02120.jpg	normal	SHIP	Nowhere to Hide	4	f503fc45-3379-4d7d-907c-106b7fcf7e08	2C120	Quay	SHIP (Capacity 1) • Qurim • Fighter	2	5	1 Quay		2	1	3	"As long as you have no more than one card in your used pile, this ship is power +2 and defense +2."	“Show them that we know the Shi can be killed.”
1b52cab7-21cc-49c7-bb0b-dd35879deffa	Encroaching Hekaton	https://warstcg.org//img/2/WARS-EN02121.jpg	normal	SHIP	Nowhere to Hide	4	f503fc45-3379-4d7d-907c-106b7fcf7e08	2C121	Quay	SHIP (Capacity 1) • Luhus • Fighter	2	2	1 Quay		2	1	3	"When this ship enters play, your opponent loses 2 energy for each of that player’s units here that doesn’t have piloting."	“Reliance on technology is no match for our innate skill. Their predictability will bring us an easy victory.” - Tukuran
71a9d459-134b-4cfd-8815-1911add0c361	Extraction	https://warstcg.org//img/2/WARS-EN02122.jpg	normal	ASSET	Nowhere to Hide	4	f503fc45-3379-4d7d-907c-106b7fcf7e08	2R122	Quay	ASSET	4	1	2 Quay					"When you play this asset, stack the top card of your opponent’s reserve face up on this asset. Each time a copy of a card stacked on this asset is placed in your opponent’s lost pile from play, your opponent loses 3 energy."	"Many Quay have a fierce hunger for knowledge, instilled by years of vassalage. They temper their aggression with cunning, and value all information pried from their enemy."
2bb3bd0e-6e0f-42cf-818c-96227b293bde	Fill With Fear	https://warstcg.org//img/2/WARS-EN02123.jpg	normal	INTERRUPT	Nowhere to Hide	4	f503fc45-3379-4d7d-907c-106b7fcf7e08	2R123	Quay	INTERRUPT (Lost)	3	3	2 Quay					"As an additional cost to play this interrupt, revert your target inverter. Cancel target pending drain at a location related to that inverter’s location."	“Have you seen how the twolegs cower? They are spineless and weak.”
71785dda-85c4-44d7-9ca1-7aa05cfcb4b0	Flamecutter	https://warstcg.org//img/2/WARS-EN02124.jpg	normal	CHARACTER	Nowhere to Hide	4	f503fc45-3379-4d7d-907c-106b7fcf7e08	2R124	Quay	CHARACTER • Tahka • Inverter • Unit	3	3	3 Quay		2/4	2/4	2/4	"Each time you win a battle here and have no more than one card in your used pile, you may invert this character. /This character is immune to attrition."	Takrat uses the fire of kundanaka to burn through even the thickest metalcrete walls.
d2191af9-5a1f-48ce-98a2-b02db2b488a3	•Flare of Rage	https://warstcg.org//img/2/WARS-EN02125.jpg	normal	INTERRUPT	Nowhere to Hide	4	f503fc45-3379-4d7d-907c-106b7fcf7e08	2U125	Quay	INTERRUPT (Used)	0	3	1 Quay					Target player puts his or her used pile beneath his or her reserve and shuffles that reserve.	"“From him the fire shone forth, and our hearts and spirit fell before its brilliance.” – Higen Orochito"
c1effa05-9c9d-46c8-8758-ce6831f01122	Hekaton Flametongue	https://warstcg.org//img/2/WARS-EN02126.jpg	normal	WEAPON	Nowhere to Hide	4	f503fc45-3379-4d7d-907c-106b7fcf7e08	2C126	Quay	WEAPON (Fighter) • Ranged	0	2	1 Quay					This ship is power +1 for each related location you control. • Pay 1 energy ? Choose target ship your opponent has in a sector battle here. Damage target if its defense < [D].	"Although shorter in range than most shipboard weapons, the Flametongue is lethally effective."
f1e2622b-9eb7-4b58-a288-b933e47a6e94	Hullripper	https://warstcg.org//img/2/WARS-EN02127.jpg	normal	CHARACTER	Nowhere to Hide	4	f503fc45-3379-4d7d-907c-106b7fcf7e08	2C127	Quay	CHARACTER • Tahka • Inverter • Unit	2	3	1 Quay		3/4	1/1	3/2	• Reveal a location from your hand and put it on top of your used pile ? Invert this character./ • Revert this character ? Draw a card from your used pile.	"With a raking saw and several shovel-spines, Klutak penetrates natural barriers and vehicle armor alike."
08e79173-aacd-4571-9036-5ef6b317fd19	Ilna Guide	https://warstcg.org//img/2/WARS-EN02128.jpg	normal	CHARACTER	Nowhere to Hide	4	f503fc45-3379-4d7d-907c-106b7fcf7e08	2C128	Quay	CHARACTER • Qurim • Tech • Unit	2	2	2 Quay		2	1	3	"Piloting 1 (As long as this character is aboard a ship, that ship is power +1 and tactics +1.) As long as this character is at a sector, each ship here without a character who has piloting aboard is tactics –1."	"The Ilna’s talents lay primarily in shipbuilding. Some, like Alakan, are also able pilots."
59e9488f-cfa0-4fa8-b3e8-acb27b8fa296	Intimidation	https://warstcg.org//img/2/WARS-EN02129.jpg	normal	ORDER	Nowhere to Hide	4	f503fc45-3379-4d7d-907c-106b7fcf7e08	2U129	Quay	ORDER (Used)	0	3	2 Quay					Your opponent pays 2 energy for each Tahka unit you have at target battleground.	“We will despoil their mine and claim their traginium and have sport with them as well!” – Katuka
ee57b783-74ae-4f32-979a-51b72c3e586f	?Karaktika	https://warstcg.org//img/2/WARS-EN02130.jpg	normal	SHIP	Nowhere to Hide	4	f503fc45-3379-4d7d-907c-106b7fcf7e08	2R130	Quay	SHIP (Capacity 4) • Tahka • Capital	5	4	2 Quay		5	3	7	Characters aboard this ship don’t count against its capacity. • Lose 1 energy ? Your opponent dismisses a ship here. You may use this ability only during your move phase when you have no more than one card in your used pile.	Karaktika was sent by Sitka to attack the Gongen mining facility on Ganymede.
32fba937-c1e1-4c2a-a35b-023133ff310b	?Katuka	https://warstcg.org//img/2/WARS-EN02131.jpg	normal	CHARACTER	Nowhere to Hide	4	f503fc45-3379-4d7d-907c-106b7fcf7e08	2U131	Quay	CHARACTER • Tahka • Predator • Unit	2	3	2 Quay		2	2	5	Quickdraw 1 (Add a • to each activated ability on a weapon beneath this character that already has one.) Each of your opponent’s damaged units here is tactics –2.	“Do not doubt their leader will tell us what we want to know. I will ensure it.”
c00396e4-5758-46bb-b99c-b0e4f875a89d	?Lahrik	https://warstcg.org//img/2/WARS-EN02132.jpg	normal	CHARACTER	Nowhere to Hide	4	f503fc45-3379-4d7d-907c-106b7fcf7e08	2R132	Quay	CHARACTER • Tahka • Inverter • Unit	2	2	2 Quay		2/4	1/1	2/4	"Each time an opponent’s unit is lost at this location, you may invert this character. / • Revert this character ? Your opponent loses 1 energy."	“We walk through walls. The twolegs have nowhere to hide.”
eceace8d-00bb-4bca-b69b-b0c1cdb0d5da	Life Leech	https://warstcg.org//img/2/WARS-EN02133.jpg	normal	INTERRUPT	Nowhere to Hide	4	f503fc45-3379-4d7d-907c-106b7fcf7e08	2R133	Quay	INTERRUPT (Lost)	0	5	2 Quay					"As an additional cost to play this interrupt, put your other target character in a battle at the same location as your kizen on the top of your used pile. Damage target character at that location."	“I accepted his surrender. Posthumously.” – Kulak
a4f09c5f-cd5d-41ea-afa0-c8d1c530d689	Luhus Spearhead	https://warstcg.org//img/2/WARS-EN02134.jpg	normal	CHARACTER	Nowhere to Hide	4	f503fc45-3379-4d7d-907c-106b7fcf7e08	2C134	Quay	CHARACTER • Luhus • Inverter • Unit	0	2	2 Quay		1/3	1/3	1/3	Pay 2 energy ? Invert this character. You may use this ability only when this character is at the same location as target character who has quickdraw.	Wahkat uses the searing potency of hiskundanaka to terrify his enemies.
e754c684-3950-490c-af26-99da0b40f54e	?Rakat	https://warstcg.org//img/2/WARS-EN02135.jpg	normal	CHARACTER	Nowhere to Hide	4	f503fc45-3379-4d7d-907c-106b7fcf7e08	2U135	Quay	CHARACTER • Qurim • Tech • Unit	2	4	2 Quay		2	1	3	"Piloting 1 (As long as this character is aboard a ship, that ship is power +1 and tactics +1.) When this character is destroyed, you may pay 2 energy. If you do, put this character in its owner’s hand."	“I have advised our chieftain that we should pursue an alliance with the Tahka.”
90603f8b-355e-4cca-8795-39c25732ea58	Ravagers	https://warstcg.org//img/2/WARS-EN02136.jpg	normal	CHARACTER	Nowhere to Hide	4	f503fc45-3379-4d7d-907c-106b7fcf7e08	2C136	Quay	CHARACTER • Tahka • Predator • Unit	2	3	2 Quay		3	3	3	"As long as you have a card stacked on your stockpile asset and this character is at a site, you cause attrition +3 here. Destroying either or both would suffice."	They didn’t come to capture the traginium or the Gongen.
89d6fa9b-da7d-471b-9269-9c04b2b871a9	Rousing Leap	https://warstcg.org//img/2/WARS-EN02137.jpg	normal	INTERRUPT	Nowhere to Hide	4	f503fc45-3379-4d7d-907c-106b7fcf7e08	2R137	Quay	INTERRUPT (Lost)	0	6	3 Quay					"As an additional cost to play this interrupt, lose five cards from your hand. Put all of the cards from your used pile in your hand."	"As Katuka plunged towards the NoBot, her fellow Tahka fought with a newfound fury."
ebbadc12-0773-44b1-985a-4c6972cfd496	Spineslinger	https://warstcg.org//img/2/WARS-EN02138.jpg	normal	CHARACTER	Nowhere to Hide	4	f503fc45-3379-4d7d-907c-106b7fcf7e08	2R138	Quay	CHARACTER • Luhus • Predator • Unit	2	2	3 Quay		1	1	1	This character can’t move. Dismiss this character and lose 2 energy ? Destroy each unit at this location. You may use this ability only during your control phase.	Slingers manipulate their carapace to hurl shotgun blast of razorwire.
8e5cc613-2629-4ba6-bd5c-64ef2ce45fac	Suppressed	https://warstcg.org//img/2/WARS-EN02139.jpg	normal	ASSET	Nowhere to Hide	4	f503fc45-3379-4d7d-907c-106b7fcf7e08	2R139	Quay	ASSET	2	1	2 Quay					• Pay 2 energy ? Your opponent loses 2 energy. You may use this ability only during your control phase when you control a battleground site and a battleground sector.	A Quay that smolders with the heat of inner fire is not easily forgotten... assuming one lives to remember.
746c1765-66ca-4baf-8f9f-25fd97208e87	Tahka Assault Craft	https://warstcg.org//img/2/WARS-EN02140.jpg	normal	SHIP	Nowhere to Hide	4	f503fc45-3379-4d7d-907c-106b7fcf7e08	2U140	Quay	SHIP (Capacity 3) • Tahka • Capital	4	2	2 Quay		4	2	5	"When this ship enters play at a sector where you have no support icons, you may search your used pile for a card and put it into your hand. If you do, shuffle your used pile."	Landing ships deliver dozens of predators planetside to take and hold enemy territory.
86a9c2be-e825-48f6-b062-83869a04d799	?Traginium Hoard	https://warstcg.org//img/2/WARS-EN02141.jpg	normal	ASSET	Nowhere to Hide	4	f503fc45-3379-4d7d-907c-106b7fcf7e08	2U141	Quay	ASSET • Stockpile	1	4	2 Quay					"• Pay 1 energy ? If you control three or more battlegrounds and there are fewer than two cards stacked here, your opponent loses 1 energy and stacks that card face down on this asset. You may use this ability only during your control phase."	“It matters not to me what it is for. It only matters that the Shi desire it.” – Sitka
2f759950-b2fb-4335-9e07-9ddb6c9a6658	Construction Bot	https://warstcg.org//img/2/WARS-EN02142.jpg	normal	CHARACTER	Nowhere to Hide	4	f503fc45-3379-4d7d-907c-106b7fcf7e08	2C142	Independent	CHARACTER • Bot • Unit	1	5			1	1	1	• Reveal an Earther card from your hand and put it on top of your used pile ? Target location gains a ? support icon until end of turn.	No dangerous high rise work for humans any more.
fec91f5e-ee23-4a07-ba4d-3abd0e63ce6c	Geisha Bot	https://warstcg.org//img/2/WARS-EN02143.jpg	normal	CHARACTER	Nowhere to Hide	4	f503fc45-3379-4d7d-907c-106b7fcf7e08	2C143	Independent	CHARACTER • Bot • Unit	1	5			1	1	1	• Reveal a Gongen card from your hand and put it on top of your used pile ? Target location gains a [Gongen] support icon until end of turn.	Friends can take many forms – even manufactured.
413c7f03-8b54-4722-af65-f5ee8e8dbf7f	Hunter Bot	https://warstcg.org//img/2/WARS-EN02144.jpg	normal	CHARACTER	Nowhere to Hide	4	f503fc45-3379-4d7d-907c-106b7fcf7e08	2C144	Independent	CHARACTER • Bot • Unit	1	5			1	1	1	• Reveal a Quay card from your hand and put it on top of your used pile ? Target location gains a [Quay] support icon until end of turn.	"Quay bots are built for warfare, not servitude."
bcf0f8f2-cc57-4fa1-b3f5-fd6afd6eccd3	Long Way Down	https://warstcg.org//img/2/WARS-EN02145.jpg	normal	ASSET	Nowhere to Hide	4	f503fc45-3379-4d7d-907c-106b7fcf7e08	2R145	Independent	ASSET (Location)	1	5						You may play this asset beneath one of your opponent’s locations. Each player can’t move his or her ships and units to or from this location except during that player’s move phase.	“Just hold on!”
cc30a096-c98e-491e-b87b-acba495753bc	Porter Bot	https://warstcg.org//img/2/WARS-EN02146.jpg	normal	CHARACTER	Nowhere to Hide	4	f503fc45-3379-4d7d-907c-106b7fcf7e08	2C146	Independent	CHARACTER • Bot • Unit	1	5			1	1	1	• Reveal a Shi card from your hand and put it on top of your used pile ? Target location gains a [Shi] support icon until end of turn.	“How may I be of service?”
2151026b-7ff1-47de-90ac-5e12ae519e9b	Prolonged Exposure	https://warstcg.org//img/2/WARS-EN02147.jpg	normal	ASSET	Nowhere to Hide	4	f503fc45-3379-4d7d-907c-106b7fcf7e08	2R147	Independent	ASSET	2	4						"At the start of each player’s control phase, that player loses 1 energy unless he or she pays 2 energy."	It’s theorized that Traginium has many uses... and dangers... to discover.
ff733755-12be-4ae3-b1c8-bf8b522e44f5	Restricted Passage	https://warstcg.org//img/2/WARS-EN02148.jpg	normal	ASSET	Nowhere to Hide	4	f503fc45-3379-4d7d-907c-106b7fcf7e08	2U148	Independent	ASSET	4	2						"As an additional cost for a player to play a location that has no support icon, that player loses 2 energy."	“Please present your registration and identification.”
ace1d5a4-9eb9-4567-9f54-0b17d0536e9d	Server Bot	https://warstcg.org//img/2/WARS-EN02149.jpg	normal	CHARACTER	Nowhere to Hide	4	f503fc45-3379-4d7d-907c-106b7fcf7e08	2C149	Independent	CHARACTER • Bot • Unit	1	5			1	1	1	• Reveal a Maverick card from your hand and put it on top of your used pile ? Target location gains a [Maverick] support icon until end of turn.	"Mavericks live in bars, and someone – or something – has to serve the drinks."
bcafab74-a234-4911-8b6c-b495bef98c32	?Arethusa/Remote Power Plant	https://warstcg.org//img/2/WARS-EN02150.jpg	normal	SECTOR	Nowhere to Hide	4	f503fc45-3379-4d7d-907c-106b7fcf7e08	2C150		LOCATION (Sector) • Asteroid		0	1 Maverick	2/1				"As long as a player has an inverted ship here, he or she generates 2 more energy here."	
200c628e-4c02-40b0-be24-f40e7913c45f	Belt/Derelict Freighter	https://warstcg.org//img/2/WARS-EN02151.jpg	normal	SECTOR	Nowhere to Hide	4	f503fc45-3379-4d7d-907c-106b7fcf7e08	2U151		LOCATION (Sector) • Station		0	1 Quay	1/1				"Encampment (Stack this card beneath target location where you have an energy icon, unit or ship. This card is no longer a location or sector and target gains this card’s energy and support icons that are on your side. You may stack only one encampment here.)"	
7273fe70-e9d4-47fc-acfd-447b4f7a1478	Belt/Navigation Corridor	https://warstcg.org//img/2/WARS-EN02152.jpg	normal	SECTOR	Nowhere to Hide	4	f503fc45-3379-4d7d-907c-106b7fcf7e08	2U152		LOCATION (Sector) • Station		0	1 Shi	1/1				"Encampment (Stack this card beneath target location where you have an energy icon, unit or ship. This card is no longer a location or sector and target gains this card’s energy and support icons that are on your side. You may stack only one encampment here.)"	
553b4cb7-b192-4d04-9912-a9cdc275680a	Belt/Pilgrim's Holdings	https://warstcg.org//img/2/WARS-EN02153.jpg	normal	SECTOR	Nowhere to Hide	4	f503fc45-3379-4d7d-907c-106b7fcf7e08	2U153		LOCATION (Sector) • Asteroid		0	1 Gongen	1/1				"Encampment (Stack this card beneath target location where you have an energy icon, unit or ship. This card is no longer a location or sector and target gains this card’s energy and support icons that are on your side. You may stack only one encampment here.)"	
c67ba0dd-1c5e-4597-8b1b-55fdbd737bb1	?Ganymede/Abandoned Mine	https://warstcg.org//img/2/WARS-EN02154.jpg	normal	SITE	Nowhere to Hide	4	f503fc45-3379-4d7d-907c-106b7fcf7e08	2R154		LOCATION (Site)		3		2/2				• Put a card stacked on your stockpile asset in its owner’s lost pile ? Make your target pending drain here +1. Any player may use this ability.	
4bba7d8c-e0e1-4130-a65b-68b4b15f598b	?Ganymede/Captured Refinery	https://warstcg.org//img/2/WARS-EN02155.jpg	normal	SITE	Nowhere to Hide	4	f503fc45-3379-4d7d-907c-106b7fcf7e08	2C155		LOCATION (Site)		0	1 Quay	1/1				• Pay 3 energy ? Your opponent loses 1 energy for each of your inverted units here. You may use this ability only when you control this site during your control phase. Any player may use this ability.	
bde6298c-97c3-4fd7-8365-e08c0c1b6f30	?Ganymede/Orbital Expanse	https://warstcg.org//img/2/WARS-EN02156.jpg	normal	SECTOR	Nowhere to Hide	4	f503fc45-3379-4d7d-907c-106b7fcf7e08	2C156		LOCATION (Sector) • Moon		0	1 Shi	2/1				"Each ship here is tactics –1, unless that ship is a Shi ship."	
bac5f894-e720-405a-b433-910cf87421af	?Ganymede/Subterranean Passage	https://warstcg.org//img/2/WARS-EN02157.jpg	normal	SITE	Nowhere to Hide	4	f503fc45-3379-4d7d-907c-106b7fcf7e08	2U157		LOCATION (Site) • Underground		0	1 Quay	1/1				"Each time a player’s Quay character moves here, that player may pay 8 energy. If that player does, he or she destroys target character here."	
79dca05d-091c-4aa6-8dd1-3c536b2b9d57	?Gongen/Michiyo	https://warstcg.org//img/2/WARS-EN02158.jpg	normal	SITE	Nowhere to Hide	4	f503fc45-3379-4d7d-907c-106b7fcf7e08	2U158		LOCATION (Site) • Port		0	1 Gongen	2/1				"When you play a NoBot here, it costs 3 less energy to play. Any player may use this ability."	
17e95f48-b91e-4504-b65d-f8e3c0a1c95b	Jupiter/Approach Route	https://warstcg.org//img/2/WARS-EN02159.jpg	normal	SECTOR	Nowhere to Hide	4	f503fc45-3379-4d7d-907c-106b7fcf7e08	2U159		LOCATION (Sector) • Planet		0	1 Maverick	1/1				"Encampment (Stack this card beneath target location where you have an energy icon, unit or ship. This card is no longer a location or sector and target gains this card’s energy and support icons that are on your side. You may stack only one encampment here.)"	
55d43673-815c-4545-9883-794c4accad3f	?Last Chance/Outer Rim Station	https://warstcg.org//img/2/WARS-EN02160.jpg	normal	SECTOR	Nowhere to Hide	4	f503fc45-3379-4d7d-907c-106b7fcf7e08	2U160		LOCATION (Sector) • Station		0	1 Maverick	1/0				Pay 5 energy ? Invert your target inverter ship here. You may use this ability only during your draw phase. Any player may use this ability.	
8e39e88f-ce2b-4713-9a85-8262ad9bad95	?Phobos/Disputed Territory	https://warstcg.org//img/2/WARS-EN02161.jpg	normal	SECTOR	Nowhere to Hide	4	f503fc45-3379-4d7d-907c-106b7fcf7e08	2C161		LOCATION (Sector) • Moon		0	1 Gongen	1/1				"Each time a player drains here, that player may pay 3 energy. If that player does, he or she retrieves a card."	
bc258c34-701a-48be-882f-e16173f3e3a1	?Seyal/Dhanake's Demesne	https://warstcg.org//img/2/WARS-EN02162.jpg	normal	SITE	Nowhere to Hide	4	f503fc45-3379-4d7d-907c-106b7fcf7e08	2U162		LOCATION (Site) • Port		0	1 Shi	2/1				Pay 4 energy ? Make your target kizen in a battle here immune to attrition until end of turn. Any player may use this ability.	
1eded97c-7b53-40ef-82f3-5759b8cc860f	?Venus/Gula Mons Correctional Facility	https://warstcg.org//img/2/WARS-EN02163.jpg	normal	SITE	Nowhere to Hide	4	f503fc45-3379-4d7d-907c-106b7fcf7e08	2U163		LOCATION (Site)		0	1 Earther	2/1				"You can’t drain here. As long as you control this location, as an additional cost for your opponent to play a ship or unit, he or she pays 1 energy."	
c680a9d2-ffdb-4d84-aa5c-cc7e8a540a78	Venus/Trade Route	https://warstcg.org//img/2/WARS-EN02164.jpg	normal	SECTOR	Nowhere to Hide	4	f503fc45-3379-4d7d-907c-106b7fcf7e08	2U164		LOCATION (Sector) • Station		0	1 Earther	1/1				"Encampment (Stack this card beneath target location where you have an energy icon, unit or ship. This card is no longer a location or sector and target gains this card’s energy and support icons that are on your side. You may stack only one encampment here.)"	
76001e46-6dec-48ce-b042-2f15d5b8e29f	?Venus/Yacht Works	https://warstcg.org//img/2/WARS-EN02165.jpg	normal	SECTOR	Nowhere to Hide	4	f503fc45-3379-4d7d-907c-106b7fcf7e08	2C165		LOCATION (Sector) • Station		0	1 Earther	2/1				• Pay 4 energy ? Make your target Earther ship in a battle here power +5. Any player may use this ability.	
26aa24e6-4693-4aec-8b38-85f533f0b204	?Horatio Hicks - WARS Tour	https://warstcg.org//img/1/WARS-EN01F01.jpg	normal	CHARACTER	Incursion	4	d49b7fa3-163b-4e9c-9e32-69f47d4363d4	1F1	Earther	CHARACTER • Kizen • iCom • Unit	5	3	3 Earther		4	6	4	"Piloting 3 (As long as this character is aboard a ship, that ship is power +3 and tactics +3.) • Pay 3 energy ? This character is immune to attrition until end of turn."	"Hicks is the leader every Earther wants to be – and everyone else wants to kill. He’s seen a lot of action, and it has made him a stoic and composed commander."
256a7a7b-bb54-459e-997d-16dbc940caf6	?Jossel Swin	https://warstcg.org//img/1/WARS-EN01P01.jpg	normal	CHARACTER	Incursion	4	d49b7fa3-163b-4e9c-9e32-69f47d4363d4	1PF1	Earther	CHARACTER • Kizen • CISyn • Unit	2	5	3 Earther		3	3	5	"• Pay 3 energy ? This character is immune to attrition until end of turn. Each time you would reveal a card for battle destiny in a battle here, you may pay 3 energy. If you do, reveal three cards from the top of your reserve, choose one of them to add to your battle destiny instead, then put them on top of your used pile in any order."	"A former squad leader, Swin was demoted when his hatred of the Mavericks manifested in extreme violence. Since the rift opened, his sanity has been in constant flux."
ff6852bd-ba2f-4d64-a75c-c838eea12f26	CISyn Retaliation	https://warstcg.org//img/1/WARS-EN01R01.jpg	normal	INTERRUPT	Incursion	4	d49b7fa3-163b-4e9c-9e32-69f47d4363d4	1RF1	Earther	INTERRUPT (Lost)	2	3	2 Earther					"When you play this interrupt, if you have a kizen at a battleground location, you may pay 1 energy. If you do, this interrupt is used instead of lost. Cancel target pending drain."	CISyn controllers ensure the proper tool is selected for each task.
f4cab8a3-41cd-470b-88ad-d0f81c6eacff	?Kujiko Torako	https://warstcg.org//img/1/WARS-EN01P02.jpg	normal	CHARACTER	Incursion	4	d49b7fa3-163b-4e9c-9e32-69f47d4363d4	1PF2	Gongen	CHARACTER • Kizen • Shikami • Unit	4	5	3 Gongen		3	4	6	"• Lose 2 energy ? This character is immune to attrition until end of turn. When this character enters play, you may play a unit here that costs 2 energy or less. That unit costs no energy to play."	“Understand. I still want to kill you. My duty requires I sublimate my desire.” - A Matter of Life or Death
1439b971-7952-4687-b741-56a20e9bb297	Consultation	https://warstcg.org//img/1/WARS-EN01R02.jpg	normal	INTERRUPT	Incursion	4	d49b7fa3-163b-4e9c-9e32-69f47d4363d4	1RF2	Earther	INTERRUPT (Lost)	3	5	3 Earther					You may play this interrupt only during your move phase. Destroy target vehicle at a site where you have a higher total tactics than your opponent.	Howler isn’t afraid to call in a favor from his ally Horatio Hicks.
31c69d01-b46a-42d0-9b12-f88221398d1b	?Howler's Blades	https://warstcg.org//img/1/WARS-EN01R03.jpg	normal	VEHICLE	Incursion	4	d49b7fa3-163b-4e9c-9e32-69f47d4363d4	1RF3	Earther	VEHICLE • FedGrav • Unit	4	2	2 Earther		8	2	7	"Size 2 (This vehicle counts twice against a ship’s capacity.) Transport 1 (Each time this vehicle moves, you may move with it one of your characters.) When this vehicle enters play, dismiss a unit here."	"The members of Howler’s Blade wing do not feel allegiance to FedGrav, but rather to Howler. They are always on alert for his call to action."
1161e6b2-f8ef-4bf0-b011-f38b458306a8	?Talkan	https://warstcg.org//img/1/WARS-EN01P03.jpg	normal	CHARACTER	Incursion	4	d49b7fa3-163b-4e9c-9e32-69f47d4363d4	1PF3	Quay	CHARACTER • Kizen • Qurim • Unit	4	4	3 Quay		3	2	6	• Put two cards from your hand on top of your used pile in any order ? This character is immune to attrition until end of turn. • Put target character you have here on top of its owner’s used pile ? Make this unit power +2 until end of turn.	Talkan assumed control of the Qurim tribe by killing the leader during ritual combat. His fury leads him into battle ahead of his troops.
88fb3fe5-7e7a-46de-8bd1-c03eb0298969	?Inca 1	https://warstcg.org//img/1/WARS-EN01R04.jpg	normal	SHIP	Incursion	4	d49b7fa3-163b-4e9c-9e32-69f47d4363d4	1RF4	Earther	SHIP (Capacity 1) • iCom • Fighter	2	4	1 Earther		2	1	5	Each unit you play aboard this ship that has piloting costs 2 less energy to play.	"Inca 1 is a prototype for a new design of Earther fighters. Her schematics call for many internal advancements, while maintaining the same basic external design."
4bbf5b5b-f03a-4206-9faa-e44c6bb39bd7	?Ranarti-Anant	https://warstcg.org//img/1/WARS-EN01P04.jpg	normal	CHARACTER	Incursion	4	d49b7fa3-163b-4e9c-9e32-69f47d4363d4	1PF4	Shi	CHARACTER • Kizen • Crown • Anant • Unit	4	5	3 Shi		1	5	3	"Piloting 3 (As long as this character is aboard a ship, that ship is power +3 and tactics +3.) • Dismiss target other unit you have here ? This character is immune to attrition until end of turn. • Pay 2 energy ? If this character is aboard a ship, move that ship to a sector battle at another sector."	"A consummate pilot and wayfarer, Ranarti favors exploration over conflict. Its skills have brought it tremendous success in both endeavors."
91c0fa12-4278-4782-aa96-6435b72a57b7	State of Readiness - Starter Deck	https://warstcg.org//img/1/WARS-EN01F04.jpg	normal	INTERRUPT	Incursion	4	d49b7fa3-163b-4e9c-9e32-69f47d4363d4	1F4	Earther	INTERRUPT (Used)	1	2	1 Earther					You may play this interrupt only during a battle at a site where you have at least four warriors. Make your battle destiny in that battle +[D].	The members of Earth’s cavalry have been trained to operate as one.
7b325dc4-5cce-4296-8555-63ce8301eeca	?Inca 2	https://warstcg.org//img/1/WARS-EN01R05.jpg	normal	SHIP	Incursion	4	d49b7fa3-163b-4e9c-9e32-69f47d4363d4	1RF5	Earther	SHIP (Capacity 1) • iCom • Fighter	3	6	2 Earther		2	1	5	"As long as you have a unit that has piloting aboard this ship, you cause attrition +2 here."	"Like her sister ship Inca 1, Inca 2 is deceptively similar to older Earther fighters. It’s all part of the plan to shield design advancement from the enemy."
80510dc5-044a-4ab3-91e7-cdb03f46ac72	Survey Cruiser - Starter Deck	https://warstcg.org//img/1/WARS-EN01F05.jpg	normal	SHIP	Incursion	4	d49b7fa3-163b-4e9c-9e32-69f47d4363d4	1F5	Earther	SHIP (Capacity 2) • iCom • Capital	5	1	2 Earther		4	2	8	You cause attrition +1 at each related site.	"Cruisers are used by Earthers to keep watch for enemy vehicles, as well as for deployment of special operations forces."
57d80fa8-df2d-4ffd-925e-f701c498bd39	Vanguard Trooper	https://warstcg.org//img/1/WARS-EN01R06.jpg	normal	CHARACTER	Incursion	4	d49b7fa3-163b-4e9c-9e32-69f47d4363d4	1RF6	Earther	CHARACTER • CGC • Warrior • Unit	3	4	1 Earther		1	1	3	Pay 0 energy ? Play a unit at a related site. That unit costs 1 less energy to play. You may use this ability only during your deploy phase.	CGC vanguard troopers are trained from birth to love both the money they make and the company for which they fight.
2337ae63-9573-43ad-a7cc-d7df345f2ea5	Ancestral Garden	https://warstcg.org//img/1/WARS-EN01R07.jpg	normal	ORDER	Incursion	4	d49b7fa3-163b-4e9c-9e32-69f47d4363d4	1RF7	Gongen	ORDER (Lost)	0	4	2 Gongen					Play target character from your lost pile at full cost who has tactics < your target kizen’s tactics.	"The past, properly nurtured, gives strength."
3107540b-1b82-443f-8288-b1c768af5013	Cloud - Starter Deck	https://warstcg.org//img/1/WARS-EN01F07.jpg	normal	INTERRUPT	Incursion	4	d49b7fa3-163b-4e9c-9e32-69f47d4363d4	1F7	Gongen	INTERRUPT (Lost)	0	6	1 Gongen					Choose target ship in a sector battle. Damage target if opponent’s [D] < the number of fighters you have at that sector.	"Few escape the consuming cloud; it seeps into every crevice and blinds every effort, leaving death."
a80edbdc-3c67-40c7-8af8-699e38b390af	?Deigan	https://warstcg.org//img/1/WARS-EN01R08.jpg	normal	NOBOT	Incursion	4	d49b7fa3-163b-4e9c-9e32-69f47d4363d4	1RF8	Gongen	NOBOT • Deigan • Bot • Unit	6	5	3 Gongen		9	4	5	"Size 3 When you do not have at least two other Gongen units here, dismiss this NoBot. As long as this NoBot is at a site that has no support icons on your side, your opponent causes attrition –2 here."	The Deigan NoBot embodies the persistence and passion of her namesake – defending the Gongen people with a steadfast devotion.
8b53dcc5-c87e-4ef7-8952-8de53fa82fbf	?Ikazuchi	https://warstcg.org//img/1/WARS-EN01R09.jpg	normal	NOBOT	Incursion	4	d49b7fa3-163b-4e9c-9e32-69f47d4363d4	1RF9	Gongen	NOBOT • Ikazuchi • Bot • Unit	5	3	3 Gongen		8	2	8	Size 3 (This NoBot counts three times against a ship’s capacity.) • Pay 2 energy ? Make target other unit here defense +2 until end of turn.	"Ikazuchi, like the tempest storm, flashes lightning, roars thunder, yet leaves hope in its wake."
2eceb65b-5385-416d-b6b8-19311179dd74	Mark of the Kami	https://warstcg.org//img/1/WARS-EN01R10.jpg	normal	ASSET	Incursion	4	d49b7fa3-163b-4e9c-9e32-69f47d4363d4	1RF10	Gongen	ASSET (Sector)	2	0	3 Gongen					"You may play this asset beneath one of your opponent’s sectors. As an additional cost for a player to drain here, his or her ships here must have at least 8 total power."	"When the people of Gongen make an area of space a priority, they do not relent."
0bd66106-5e1d-4501-9a2e-da03b1eb1cda	?Shikami	https://warstcg.org//img/1/WARS-EN01R11.jpg	normal	NOBOT	Incursion	4	d49b7fa3-163b-4e9c-9e32-69f47d4363d4	1RF11	Gongen	NOBOT • Shikami • Bot • Unit	6	3	3 Gongen		7	3	6	"Size 3 (This NoBot counts three times against a ship’s capacity.) As long as you have at least two other Gongen units here, this NoBot is power +2."	The vengeful Shikami was the first NoBot to appear and defend the people of Gongen.
0a209c37-ff30-4ecd-bcb9-f6dcee222abc	Loremaster - Starter Deck	https://warstcg.org//img/1/WARS-EN01F12.jpg	normal	CHARACTER	Incursion	4	d49b7fa3-163b-4e9c-9e32-69f47d4363d4	1F12	Gongen	CHARACTER • Chijo • Warrior • Unit	2	4	2 Gongen		1	2	1	"When this character is lost from a location, you may put target other card from your lost pile on the bottom of your active pile."	"Though they live on a new world, the people of Gongen value their past."
48f31ecd-94c3-495a-9ebb-626fd8d36379	Mechanic's Grip	https://warstcg.org//img/1/WARS-EN01R12.jpg	normal	ORDER	Incursion	4	d49b7fa3-163b-4e9c-9e32-69f47d4363d4	1RF12	Maverick	ORDER (Used)	1	5	1 Maverick					"Reveal the bottom card of your reserve, note its destiny, and put it on top of your used pile. If its destiny = [D], you may play a card. If you do, that card costs 6 less energy to play."	It’s not cheating if it holds together.
1d0eaf7c-819d-4451-8c50-498e36c81d35	?The Gambler	https://warstcg.org//img/1/WARS-EN01R13.jpg	normal	CHARACTER	Incursion	4	d49b7fa3-163b-4e9c-9e32-69f47d4363d4	1RF13	Maverick	CHARACTER • Kizen • Cartel • Unit	3	5	3 Maverick		3	5	6	• Lose a card at random from your hand ? This character is immune to attrition until end of turn. • Pay 2 energy ? Put a card from your hand on top of your reserve.	"“There isn’t any ‘luck’ involved, boy. I thought you would have worked that out yourself.”"
790864d4-dd31-46b0-a697-51c135bdcfda	?Zocho - Starter Deck	https://warstcg.org//img/1/WARS-EN01F13.jpg	normal	SHIP	Incursion	4	d49b7fa3-163b-4e9c-9e32-69f47d4363d4	1F13	Gongen	SHIP (Capacity 6) • Tenno • Capital	4	1	1 Gongen		4	3	5	"Transport 4 (Each time this ship moves, you may move with it up to four of your fighters.) This ship is power +1 for each of your other ships here."	"“...from the South tsunami and flood come to heap destruction on our shores. Zocho will stand to hold back the tides.” – Tenryu naming ceremony, 2382"
8a319d55-6155-4698-a4cf-b6ca80547b3e	?UV-IR739	https://warstcg.org//img/1/WARS-EN01R14.jpg	normal	CHARACTER	Incursion	4	d49b7fa3-163b-4e9c-9e32-69f47d4363d4	1RF14	Maverick	CHARACTER • Cartel • Bot • Unit	2	2	1 Maverick		0	3	2	"As long as this character is at a site, your opponent's total power at each related location is -4."	"Though designed for heavy lifting, porters like 739 can easily be refitted for less peaceful uses. Bots in the Outer Rim serve many functions."
5aa3e397-5b18-486a-abdf-958b6f1a68c9	?Alnak	https://warstcg.org//img/1/WARS-EN01R15.jpg	normal	CHARACTER	Incursion	4	d49b7fa3-163b-4e9c-9e32-69f47d4363d4	1RF15	Quay	CHARACTER • Luhus • Predator • Unit	2	2	2 Quay		1	1	3	"As long as this character is at a site, each of your drains at a related site is +1."	Alnak led the attack on the iCom station near the rift. The Luhus tribe renamed it to honor her.
2ffa8c85-4dbf-40a2-a4e8-bae085b27f4b	Fifth Ace - Starter Deck	https://warstcg.org//img/1/WARS-EN01F15.jpg	normal	INTERRUPT	Incursion	4	d49b7fa3-163b-4e9c-9e32-69f47d4363d4	1F15	Maverick	INTERRUPT (Used)	3	5	1 Maverick					Put two cards from your hand on top of your reserve in any order.	"There are always four aces in a deck, but beyond the Belt there are usually several more in the game."
cecd85b0-acb2-4968-b311-148c25ed4f4f	Capture	https://warstcg.org//img/1/WARS-EN01R16.jpg	normal	ASSET	Incursion	4	d49b7fa3-163b-4e9c-9e32-69f47d4363d4	1RF16	Quay	ASSET	3	3	3 Quay					"When you play this asset, stack the top card of your opponent’s reserve face up on this asset. No player can play a card that has the same title as the card stacked on this asset. When this asset leaves play, put each card stacked on this asset on top of its owner’s used pile."	Battlefield intelligence is key to countering the enemy’s movements. The methods used to obtain it are irrelevant.
3be4f5f6-edc1-43be-b436-6e4b1fbb6fc3	Spite	https://warstcg.org//img/1/WARS-EN01R17.jpg	normal	INTERRUPT	Incursion	4	d49b7fa3-163b-4e9c-9e32-69f47d4363d4	1RF17	Quay	INTERRUPT (Lost)	3	2	1 Quay					"The next time you lose one or more cards to a drain at target location this turn, put target ship or unit at that location in its owner’s hand."	"“Even if you pay the price to make a gain, they will tryand take it back out of malice.” – Kapal, Seyalshi Tactician"
34817394-4d8d-43f6-aab5-ba2ea1a2fbec	Energy Conduit	https://warstcg.org//img/1/WARS-EN01R18.jpg	normal	INTERRUPT	Incursion	4	d49b7fa3-163b-4e9c-9e32-69f47d4363d4	1RF18	Shi	INTERRUPT (Lost)	0	6	3 Shi					"Until end of turn, as an additional cost for your opponent to draw a card during the draw phase, he or she pays 1 energy."	“They seem to have a device on the back of their boats that scrambles our transmissions.” – iCom After Action Report
2889b522-3c72-41e1-8185-b8f81ac580f5	Sultry Opportunist - Starter Deck	https://warstcg.org//img/1/WARS-EN01F18.jpg	normal	CHARACTER	Incursion	4	d49b7fa3-163b-4e9c-9e32-69f47d4363d4	1F18	Maverick	CHARACTER • Nest • Rogue • Unit	1	3	1 Maverick		1	1	4	"At the start of each of your control phases, you may pay 2 energy. If you do, and [D] > opponent's [D], retrieve a card."	Nicky Strahl laughed and shouted for another drink. “Hand over those dice. We’re gonna let it ride.”
b624ecb9-9083-4a0a-9c89-d71f2d70f443	?Kulak - Essen Open Championship Oct 2004	https://warstcg.org//img/1/WARS-EN01F19.jpg	normal	CHARACTER	Incursion	4	d49b7fa3-163b-4e9c-9e32-69f47d4363d4	1F19	Quay	CHARACTER • Kizen • Makal • Unit	4	4	3 Quay		5	4	6	"• Put two cards from your hand on top of your used pile in any order ? This character is immune to attrition until end of turn. • Lose 4 energy ? The next time one of your other units is lost from a battle here this turn, put it in its owner’s hand."	"A leader of the Makal tribe, Kulak was honored for his role in the Algot Rebellion."
a6eba5c4-7948-4b03-9089-c519e30c1dd1	Rally Cry - Starter Deck	https://warstcg.org//img/1/WARS-EN01F21.jpg	normal	ASSET	Incursion	4	d49b7fa3-163b-4e9c-9e32-69f47d4363d4	1F21	Quay	ASSET	1	2	2 Quay					"Pay 3 energy ? Reveal the top card of your used pile. If it’s a Quay unit, put it in your hand."	"Tribal calls are used in victory, and in need. It is honorable to call for reinforcements, as long as your enemy does not live to talk about it."
22b21a7b-2dd2-444d-a999-0adbd70dd02f	Revenge - Starter Deck	https://warstcg.org//img/1/WARS-EN01F22.jpg	normal	INTERRUPT	Incursion	4	d49b7fa3-163b-4e9c-9e32-69f47d4363d4	1F22	Quay	INTERRUPT (Lost)	2	4	3 Quay					Your opponent loses 2 energy from his or her reserve.	"“The Shi may reign, but they do not rule. Show them this, and make your point in blood.” – Talkan"
20fbb651-5275-4353-9be3-62ba5a21c76c	Volt Scrounge - Starter Deck	https://warstcg.org//img/1/WARS-EN01F23.jpg	normal	CHARACTER	Incursion	4	d49b7fa3-163b-4e9c-9e32-69f47d4363d4	1F23	Quay	CHARACTER • Katal • Inverter • Unit	4	2	2 Quay		2/1	4/4	6/1	"Put target other character you have here on top of its owner’s used pile ? Invert this unit. When you invert this character, your opponent pays 2 energy and you activate up to 2 energy."	"Vital for maintaining energy supply to command bunkers, these specialists will often tap into existing enemy power conduits."
d60bcdbe-68b1-43d2-81cd-d73d468a8432	?Devanar-Damir - Starter Deck	https://warstcg.org//img/1/WARS-EN01F24.jpg	normal	CHARACTER	Incursion	4	d49b7fa3-163b-4e9c-9e32-69f47d4363d4	1F24	Shi	CHARACTER • Crown • Damir • Unit	4	1	2 Shi		4	3	5	"At the end of each of your opponent's battle phases, if your opponent has a unit or ship here and didn't attack here, he or she loses 1 energy."	Devanar’s interrogation skills are well known to the Quay.
1edc9d8d-a723-4f30-b064-b4e7497b1336	Selfless Protector - Starter Deck	https://warstcg.org//img/1/WARS-EN01F25.jpg	normal	CHARACTER	Incursion	60	d49b7fa3-163b-4e9c-9e32-69f47d4363d4	1F25	Shi	CHARACTER • Damir • Warrior • Unit	1	5	3 Shi		2	2	5	You may play this character at no energy cost at a site that has a [Shi] support icon on your side. This character can’t move from a site that has a [Shi] support icon on your side.	Shi warriors do not hesitate to defend their consul.
01dca171-3c0e-4c4c-bf83-ecb57db69d04	Expansion - WARS First Tournament Weekend Oct 2004	https://warstcg.org//img/1/WARS-EN01F26.jpg	normal	INTERRUPT	Incursion	60	d49b7fa3-163b-4e9c-9e32-69f47d4363d4	1F26	Independent	INTERRUPT (Lost)	0	3						"Choose one: Download an encampment that has a support icon matching one you have in play; or, if you have only one type of support icon in play, download an encampment. (When you download a card, search your reserve for that card, reveal it to your opponent, and put it in your hand. Then shuffle your reserve.)"	"Location, location, location."
941e2593-e38d-4ab0-9646-395167482eea	Transport Depot - Rewards Store	https://warstcg.org//img/1/WARS-EN01F27.jpg	normal	ASSET	Incursion	60	d49b7fa3-163b-4e9c-9e32-69f47d4363d4	1F27	Independent	ASSET (Site)	1	5						You may play this asset beneath one of your opponent’s sites. This site is a port. Pay 1 energy ? Move target unit you have here to target site. You may use this ability only during your move phase. Pay 1 energy ? Move target unit you have at a port to here. You may use this ability only during your move phase.	"Grav drives make interplanetary travel easy, though not necessarily cheap."
5f19421a-55fa-46cd-aae1-c5976d6e9a9a	?Ganymede/Traginium Well - Rewards Store	https://warstcg.org//img/1/WARS-EN01F30.jpg	normal	SITE	Incursion	4	d49b7fa3-163b-4e9c-9e32-69f47d4363d4	1F30		LOCATION (Site)	0	3		2/2				"Each time a player’s unit enters play here, that player’s opponent pays 1 energy."	
e3b05537-e1f3-47ea-9922-02882ded43a7	?Ganymede/Underground Bunker - Rewards Store	https://warstcg.org//img/1/WARS-EN01F31.jpg	normal	SITE	Incursion	4	d49b7fa3-163b-4e9c-9e32-69f47d4363d4	1F31		LOCATION (Site) • Underground	0	0	1 Gongen	2/1				"As long as you have a unit here, your side of this location gains a [Gongen] support icon."	
610310b4-0838-4fd4-b5f1-c6e488868373	?Dagger Lead	https://warstcg.org//img/2/WARS-EN02P01.jpg	normal	VEHICLE	Nowhere to Hide	4	f503fc45-3379-4d7d-907c-106b7fcf7e08	2PF1	Earther	VEHICLE • FedGrav • Inverter • Unit	6	2	3 Earther		7/7	2/2	5/5	"Size 2, Transport 1 • Invert this vehicle ? Undamage your target other unit in a site battle here./ Size 2, Transport 1"	Howler’s command juggernaut has offspec mods the FedGrav designers never dreamed of.
47d2fa09-b48e-4ebf-b94a-46e7e9cabf19	?Jylan Rathe	https://warstcg.org//img/2/WARS-EN02R01.jpg	normal	CHARACTER	Nowhere to Hide	4	f503fc45-3379-4d7d-907c-106b7fcf7e08	2RF1	Earther	CHARACTER • CISyn • Infiltrator • Unit	1	4	3 Earther		3	2	4	• Damage your kizen here or your other infiltrator here ? Damage target opponent’s unit here. You may only use this ability during a site battle here.	“It’s vital these CGC fools continue to trust us. Our every move must be well timed.”
651afe2b-16c0-446a-993a-2467d3bb443c	Inca Fighter - Nowhere to Hide Pre-order incentive	https://warstcg.org//img/2/WARS-EN02F01.jpg	normal	SHIP	Nowhere to Hide	4	f503fc45-3379-4d7d-907c-106b7fcf7e08	2F1	Earther	SHIP (Capacity 1) • iCom • Fighter	2	3	1 Earther		2	1	5	"When this ship enters play, you may put target unit here that doesn’t have piloting on top of its owner’s used pile."	"Type IVs from Inca squadron routinely patrol areas near the rift, alert for any developments."
efc0b32f-0a78-4899-8095-dbdd89d9c062	?Killer Cait Grimalkin	https://warstcg.org//img/2/WARS-EN02P02.jpg	normal	CHARACTER	Nowhere to Hide	4	f503fc45-3379-4d7d-907c-106b7fcf7e08	2PF2	Maverick	CHARACTER • Hellcats • Tech • Unit	5	2	3 Maverick		3	5	4	"Piloting 3 (As long as this character is aboard a ship, that ship is power +3 and tactics +3) • Pay 4 energy ? If this character is at a sector, your opponent can’t reveal cards for battle destiny during battles at target other sector until end of turn."	"After all the cards are dealt, Killer Cait on your wing is better than pocket rockets."
1adf8480-a492-409f-8878-310cff7e6748	?Rogan Hallard	https://warstcg.org//img/2/WARS-EN02R02.jpg	multi_sided	CHARACTER	Nowhere to Hide	4	f503fc45-3379-4d7d-907c-106b7fcf7e08	2RF2	Earther	CHARACTER • XeLabs • Warrior • Inverter • Unit	5	3	3 Earther		3/2	4/4	5/4	Piloting 2 • Invert this character ? Undamage your target character in a battle here./ Piloting 2	"As captain of the Shadowsurfer, the last thing Hallard needs on a mission to the Rim is a boatful of new recruits. That’s why the Rangers provide him with seasoned veterans."
1adf8480-a492-409f-8878-310cff7e6748	?Rogan Hallard	https://warstcg.org//img/wars_card_back.jpg	multi_sided	CHARACTER	Nowhere to Hide	4	f503fc45-3379-4d7d-907c-106b7fcf7e08	2RF2	Earther	CHARACTER • XeLabs • Warrior • Inverter • Unit	5	3	3 Earther		3/2	4/4	5/4	Piloting 2 • Invert this character ? Undamage your target character in a battle here./ Piloting 2	"As captain of the Shadowsurfer, the last thing Hallard needs on a mission to the Rim is a boatful of new recruits. That’s why the Rangers provide him with seasoned veterans."
1adf8480-a492-409f-8878-310cff7e6748	?Rogan Hallard	https://warstcg.org//img/2/WARS-EN02R02r.jpg	multi_sided	CHARACTER	Nowhere to Hide	4	f503fc45-3379-4d7d-907c-106b7fcf7e08	2RF2	Earther	CHARACTER • XeLabs • Warrior • Inverter • Unit	5	3	3 Earther		3/2	4/4	5/4	Piloting 2 • Invert this character ? Undamage your target character in a battle here./ Piloting 2	"As captain of the Shadowsurfer, the last thing Hallard needs on a mission to the Rim is a boatful of new recruits. That’s why the Rangers provide him with seasoned veterans."
b4fe0236-2ca1-4644-a1c2-b938896d9107	Ranger Watchman - Starter Deck	https://warstcg.org//img/2/WARS-EN02F02.jpg	normal	CHARACTER	Nowhere to Hide	4	f503fc45-3379-4d7d-907c-106b7fcf7e08	2F2	Earther	CHARACTER • XeLabs • Warrior • Unit	2	2	2 Earther		3	1	4	"Quickdraw 1 (Add a • to each activated ability on a weapon beneath this character that already has at least one.) Each time the attrition step ends here and your opponent has attrition remaining, this character is power +3 until end of turn."	"When watching Hallard’s back, Vesuvian Ranger Jerlen Krae relies on his quick wits as often as his fast hands."
910a42cc-4f81-4ef8-b633-b2c9d26a7daa	?Sheria Coreg	https://warstcg.org//img/2/WARS-EN02R03.jpg	normal	CHARACTER	Nowhere to Hide	4	f503fc45-3379-4d7d-907c-106b7fcf7e08	2RF3	Earther	CHARACTER • Kizen • CGC • Warrior • Unit	2	4	2 Earther		2	2	4	"When this character enters play, you may look at the top card of any reserve. If you do, you may put that card beneath its owner’s reserve. • Pay 1 energy ? Put the top card of any reserve beneath that reserve."	“Today we stopped reading the books. Tomorrow we start writing them. The stars are our destiny. Now’s the time to earn what’s truly ours.”
c455de0b-16a6-4e01-bb28-9a6122fb5cf7	?XeLabs Type IV	https://warstcg.org//img/2/WARS-EN02R04.jpg	normal	SHIP	Nowhere to Hide	4	f503fc45-3379-4d7d-907c-106b7fcf7e08	2RF4	Earther	SHIP (Capacity 1) • XeLabs • Fighter	2	3	3 Earther		2	1	5	• Lose 3 energy ? Put target ship here in its owner’s hand. You may use this ability only during your move phase. You can’t use this ability the turn this ship comes into play.	She’s got the scanners and sampling equipment as well as enough firepower for a standup fight.
c6c52703-6f3d-4639-aca3-17e5809a59d6	Z-Level Gurus	https://warstcg.org//img/2/WARS-EN02R05.jpg	normal	INTERRUPT	Nowhere to Hide	4	f503fc45-3379-4d7d-907c-106b7fcf7e08	2RF5	Earther	INTERRUPT (Lost)	0	6	3 Earther					"As an additional cost to play this interrupt, pay X energy. You cause attrition +X at target location where a battle is taking place."	The strategic coordinators assigned to help Howler’s troops rely on special abilities for what technology cannot provide.
e20fc04a-d8b9-4bc0-ac39-c075f5b0e4ee	Zhang Hotrod - Starter Deck	https://warstcg.org//img/2/WARS-EN02F05.jpg	normal	VEHICLE	Nowhere to Hide	4	f503fc45-3379-4d7d-907c-106b7fcf7e08	2F5	Maverick	VEHICLE • Cartel • Unit	4	2	1 Maverick		4	1	3	"Size 2, Transport 2 When you play this vehicle, you may put up to two cards from hand on top of your used pile and draw the same number of cards from your reserve."	"Dismissed from Gongen service due to twitchy handling, salvaged Zhangs were re- engineered by Mav techs."
09b5cfae-f206-4e7f-bc3a-110ceaa14ef2	?Cheng Lin	https://warstcg.org//img/2/WARS-EN02R06.jpg	normal	CHARACTER	Nowhere to Hide	4	f503fc45-3379-4d7d-907c-106b7fcf7e08	2RF6	Gongen	CHARACTER • Ikazuchi • Tech • Warrior • Unit	3	1	2 Gongen		3	3	4	"Each time one of your vehicles here is destroyed, you may put that vehicle on top of its owner’s used pile. You may use this ability only once each turn."	"“The manual says, ‘If you cannot repair the vehicle as well as you drive it, then you are a failure to your master,’ but have you ever seen a Gunso try to change a coupling?”"
5a08155f-a188-40e0-afc6-944fe5783b19	Cornered - Starter Deck	https://warstcg.org//img/2/WARS-EN02F06.jpg	normal	INTERRUPT	Nowhere to Hide	4	f503fc45-3379-4d7d-907c-106b7fcf7e08	2F6	Shi	INTERRUPT (Used)	0	5	2 Shi					Your opponent causes attrition –4 in a site battle where you have target weapon.	"As the clavigers close in, escapees have nowhere to hide."
9be6fe1d-335c-46c0-b33e-28e86823638c	?Hannya	https://warstcg.org//img/2/WARS-EN02R07.jpg	normal	NOBOT	Nowhere to Hide	4	f503fc45-3379-4d7d-907c-106b7fcf7e08	2RF7	Gongen	NOBOT • Deigan • Inverter • Bot • Unit	5	4	3 Gongen		4/10	3/2	10/5	"Lose 3 energy ? Invert this NoBot/ When you invert this NoBot in a site battle here, you cause attrition + [D] here."	Serpent demon Hannya and noble lady Deigan are two sides of the same personality in No theatre.
9be49bbd-7382-4fc1-8f34-82bcca033d33	Lifeseeker - Starter Deck	https://warstcg.org//img/2/WARS-EN02F07.jpg	normal	CHARACTER	Nowhere to Hide	4	f503fc45-3379-4d7d-907c-106b7fcf7e08	2F7	Shi	CHARACTER • Tilak • Tech • Unit	1	3	1 Shi		2	1	3	• Pay 5 energy ? Put target other damaged unit here in its owner’s hand.	"When a patriarch is missing or captured, Asendar and its crew are called upon."
87317025-7eed-4a10-a099-51b56f06ffb0	Sword Wall	https://warstcg.org//img/2/WARS-EN02R08.jpg	normal	INTERRUPT	Nowhere to Hide	4	f503fc45-3379-4d7d-907c-106b7fcf7e08	2RF8	Gongen	INTERRUPT (Lost)	1	4	2 Gongen					"For each asset in play, that asset’s owner must choose to either lose 2 energy or dismiss that asset."	"Unlike firearms, Ikazuchi swords provide defense as well as attack."
41a2be6e-0696-47ca-9d6c-07361ffc2cd0	?Rakat - Starter Deck	https://warstcg.org//img/2/WARS-EN02F09.jpg	normal	CHARACTER	Nowhere to Hide	4	f503fc45-3379-4d7d-907c-106b7fcf7e08	2F9	Quay	CHARACTER • Qurim • Tech • Unit	2	4	2 Quay		2	1	3	"Piloting 1 (As long as this character is aboard a ship, that ship is power +1 and tactics +1.) When this character is destroyed, you may pay 2 energy. If you do, put this character in its owner’s hand."	“I have advised our chieftain that we should pursue an alliance with the Tahka.”
7dd000fc-c8f2-4bf6-ab8c-67cc9716daa2	Takumi Shadow Warriors	https://warstcg.org//img/2/WARS-EN02R09.jpg	normal	CHARACTER	Nowhere to Hide	4	f503fc45-3379-4d7d-907c-106b7fcf7e08	2RF9	Gongen	CHARACTER • Deigan • Warrior • Unit	4	1	3 Gongen		5	3	4	Quickdraw 1 (Add a • to each activated ability on a weapon beneath this character that already has one.) This character may have two weapons beneath it.	"Living in darkness, kagemusha cloud their individuality to intensify their might."
129f53ee-1812-4501-a397-2646e701f14a	?Tennaru Hari	https://warstcg.org//img/2/WARS-EN02R10.jpg	normal	CHARACTER	Nowhere to Hide	4	f503fc45-3379-4d7d-907c-106b7fcf7e08	2RF10	Gongen	CHARACTER • Kizen • Ikazuchi • Unit	4	4	3 Gongen		4	4	4	"Quickdraw 2 (Add two • to each activated ability on a weapon beneath this character that already has one.) As long as this character has a weapon beneath him, he can’t be damaged."	"“A fallen comrade at your back only strengthens your footing. A fallen army behind you makes you invincible.”- Sido, Gongen Philosopher"
c88418c7-8f18-4c42-a8f3-9272c8c579ae	•Unbidden Martyr	https://warstcg.org//img/2/WARS-EN02R11.jpg	normal	ORDER	Nowhere to Hide	4	f503fc45-3379-4d7d-907c-106b7fcf7e08	2RF11	Gongen	ORDER (Lost)	2	6	3 Gongen					"As an additional cost to play this order, remove your target kizen from the game . Retrieve X cards, where X is the energy cost of target. Remove this card from the game."	"As a well-spent day brings happy sleep, so life well used brings happy death.” – Leonardo da Vinci"
49a901e5-b32d-4397-9318-9e42b5f3adb4	Tahka Assault Craft- Starter Deck	https://warstcg.org//img/2/WARS-EN02F11.jpg	normal	SHIP	Nowhere to Hide	4	f503fc45-3379-4d7d-907c-106b7fcf7e08	2F11	Quay	SHIP (Capacity 3) • Tahka • Capital	4	2	2 Quay		4	2	5	"When this ship enters play at a sector where you have no support icons, you may search your used pile for a card and put it into your hand. If you do, shuffle your used pile."	Landing ships deliver dozens of predators planetside to take and hold enemy territory.
7aa0bbbb-0d00-4262-bb73-2ad0fdeb2548	"?""Battleaxe"" Boden"	https://warstcg.org//img/2/WARS-EN02R12.jpg	normal	CHARACTER	Nowhere to Hide	4	f503fc45-3379-4d7d-907c-106b7fcf7e08	2RF12	Maverick	CHARACTER • Hellcats • Tech • Unit	3	5	3 Maverick		3	2	4	"Piloting 2 (As long as this character is aboard a ship, that ship is power +2 and tactics +2.) • Pay 3 energy ? Move target ship this character is aboard. You may use this ability only during your deploy phase."	"Three things she can’t stand: downtime for repairs, customs frigates, and lousy Reds."
2bbbb46c-dae8-4dbd-b736-45475ba04592	?Cat's Claw	https://warstcg.org//img/2/WARS-EN02R13.jpg	normal	SHIP	Nowhere to Hide	4	f503fc45-3379-4d7d-907c-106b7fcf7e08	2RF13	Maverick	SHIP (Capacity 1) • Hellcats • Inverter • Fighter	3	2	3 Maverick		2/4	1/1	5/5	"Each time you play a character who has piloting aboard this ship, you may invert this ship./ Captain – Killer Cait Grimalkin • Pay 3 energy ? Draw two cards from your reserve."	No Earther convoy wants to see the Claw show up with Killer Cait mousing around.
8bb041e6-a6c8-4aa3-8955-8cfa3fd9e56f	?Joker Danniko	https://warstcg.org//img/2/WARS-EN02R14.jpg	normal	CHARACTER	Nowhere to Hide	4	f503fc45-3379-4d7d-907c-106b7fcf7e08	2RF14	Maverick	CHARACTER • Kizen • Cartel • Unit	3	2	3 Maverick		4	4	5	"Quickdraw 1 (Add a • to each activated ability on a weapon beneath this character that already has one.) As long as this character has a weapon beneath her, she is immune to attrition and each of your drains here is +1."	"Armed and dangerous, Joker is someone to keep an eye on while you’re having a drink at the Nest."
0dbfd8fa-83a6-424d-8365-ea74fc060592	?Jovian Standoff	https://warstcg.org//img/2/WARS-EN02R15.jpg	normal	ASSET	Nowhere to Hide	4	f503fc45-3379-4d7d-907c-106b7fcf7e08	2RF15	Maverick	ASSET (Unit)	2	7	3 Maverick					"Dismiss this asset ? If this unit is at a site, make target pending drain here +3. When you reveal this card for battle destiny, lose 3 energy."	Sitting at the table with The Gambler often brings either a great blessing or a terrible price. Sometimes it’s hard to tell one from the other.
a6bcb17f-538d-48d3-87e6-14b7b05ab934	Long Odds	https://warstcg.org//img/2/WARS-EN02R16.jpg	normal	INTERRUPT	Nowhere to Hide	4	f503fc45-3379-4d7d-907c-106b7fcf7e08	2RF16	Maverick	INTERRUPT (Lost)	1	3	2 Maverick					"Reveal the bottom card of your reserve, note its destiny and put it on top of your used pile. Reveal the top X cards of your opponent’s used pile, where X is that destiny. Put target revealed card in its owner’s lost pile, and put the other cards on top of your opponent’s used pile an any order."	"When the threat level goes red, that’s when you begin to feel alive."
534c9a43-5c26-4b3a-9753-c76ea6533347	?Dhanake-Tilak	https://warstcg.org//img/2/WARS-EN02R17.jpg	normal	CHARACTER	Nowhere to Hide	4	f503fc45-3379-4d7d-907c-106b7fcf7e08	2RF17	Shi	CHARACTER • Kizen • Crown • Tilak • Unit	2	7	3 Shi		4	5	4	"This character is power +1 for each of your [Shi] support icons. As long as this character is at a site, your opponent causes attrition –1 here for each of your [Shi] support icons."	“First task: recovery of agents. Second task: extinguish evidence.”
6a1aa708-b234-441e-a285-f91fe7a30341	Rousing Leap	https://warstcg.org//img/2/WARS-EN02R18.jpg	normal	INTERRUPT	Nowhere to Hide	4	f503fc45-3379-4d7d-907c-106b7fcf7e08	2RF18	Quay	INTERRUPT (Lost)	0	6	3 Quay					"As an additional cost to play this interrupt, lose five cards from your hand. Put all of the cards from your used pile in your hand."	"As Katuka plunged towards the NoBot, her fellow Tahka fought with a newfound fury."
